,PC1,PC2,PC3,PC4,PC5,PC6,PC7,PC8,PC9,PC10,PC11,PC12,PC13,PC14,PC15,PC16,PC17,PC18,PC19,PC20,PC21,PC22,PC23,PC24,PC25,PC26,PC27,PC28,PC29,PC30
BOU_FY_C_01,-6.990092936,4.266246165,-4.477795547,4.64222945,-0.72273034,0.566935,0.572948911,1.335921642,11.47345231,8.722105331,-2.30182819,-1.429881118,-0.333211784,1.425696474,-1.086263227,0.008685153,-0.853687532,1.278509682,1.979616192,0.851727869,-2.691160334,-2.503749506,0.918290523,0.72405782,-3.082547118,-3.334036204,-1.277030062,1.252103721,0.067735047,-0.719140273
BOU_FY_C_02,-7.410892474,4.180572214,-4.324033467,4.439464178,-0.698004818,0.295412483,0.285134427,1.720654512,11.88987362,9.415959895,-2.102343881,-1.719215741,-0.752065959,2.197097935,0.309273469,0.629764226,0.340774953,0.017009127,0.05341885,-0.232281335,-1.922829956,0.106688449,0.021002963,0.488943133,1.40860774,0.469304802,4.071196644,1.185473788,-0.347452725,2.575847607
BOU_FY_C_03,-6.158462173,3.772864304,-3.704136999,3.955676001,-0.610599512,0.024950421,0.344933335,1.665974154,10.68714251,8.632900386,-1.973067183,-0.406693837,-0.230423003,-0.097387679,1.52953085,0.555649795,0.167301245,0.106501418,1.808011706,-0.369975135,-1.220409811,-0.917548422,0.581379762,-0.896289373,2.028757368,1.562496949,0.948776126,-0.733777455,0.494693289,-1.610511383
MAL_FY_C_01,-9.075835259,4.73841835,-6.126505807,5.870706751,-0.780042143,1.031192313,4.481173482,-4.290907518,-6.181118377,3.934267345,-0.722449552,-4.654591191,-0.591638267,-0.3329245,-2.077200312,-0.393079398,-0.133328165,-0.01199696,-0.415014506,0.051858715,0.252347235,-1.097242553,1.132797713,-0.101433454,-3.475838313,-2.257315007,-1.902454406,-0.37416966,0.300093669,-1.761430723
MAL_FY_C_02,-10.0116234,4.799053067,-5.708695184,5.228153606,-0.843609682,-0.284373963,3.509122592,-3.710301972,-5.704602421,4.384942815,-0.789661553,-3.96151955,-0.781707901,-1.563207217,-0.386679538,-0.272633039,-0.225251785,-0.405706365,-0.425420604,0.395656696,1.054355023,1.158190899,-1.832142335,-0.926021628,1.142323359,0.633419127,-2.345587597,-0.85902896,-0.06625217,-1.813652742
MAL_FY_C_03,-9.172287447,4.70264031,-6.202947066,5.912243851,-0.85425291,1.04850514,4.984949629,-4.255735019,-6.282248374,4.298743047,-1.077625919,-5.301876274,-0.85128097,-0.711029105,-0.180403588,-0.587071443,-0.022969163,-0.022149675,-1.440712327,-0.426951936,-0.894314971,-1.559934233,0.931794781,-0.583646472,-2.706290072,-2.181044267,-1.425562679,0.296584941,0.734970595,-1.758748026
MOB_FY_C_01,-6.636384968,4.566492719,-5.749683872,5.323719313,-0.537339785,4.596131991,7.193885937,-2.467236567,2.277352223,-2.919371168,0.297282048,4.383856682,0.051997652,-0.971963486,-8.481167807,-0.443473487,0.664187584,-1.741810515,-4.569519904,-1.313180919,-1.439018755,-0.807441553,1.447224851,-0.398196353,3.069183223,2.8023609,0.228807616,0.453898256,0.667048216,1.369904334
MOB_FY_C_02,-5.95509466,4.21893822,-4.88084176,4.727991516,-0.637743669,3.675915041,5.290025066,-1.931709168,1.34226607,-1.086600102,0.702091681,2.226164708,0.418241573,0.538829023,-4.468054498,-0.058007912,0.15865008,-0.829188899,-2.601497543,-0.573689172,0.153849138,-1.073375421,0.684171111,-0.12003965,0.262995883,0.190386065,0.17372745,0.008998203,0.051172621,-0.764978854
MOB_FY_C_03,-6.75154824,4.713060349,-5.627583085,5.212292172,-0.584528954,4.640536596,6.869494186,-2.929774782,0.833743541,-2.033134095,1.156759582,4.176126816,0.801960772,-0.144893162,-7.292301356,-1.072777216,0.697050821,-1.766329208,-6.182951067,-3.282368736,-1.826250399,-2.052469052,0.283489713,0.209945077,1.610900019,0.833416181,2.649136437,-0.966838586,-1.047317792,0.094356251
PAS_FY_X_01,-10.28056334,4.747588212,-4.575058466,4.058978076,-1.041401032,-3.64599741,-3.857966924,2.259264661,5.29832556,2.80248528,-0.560466595,-0.015202379,0.117011741,-1.403618905,-0.164412496,-0.395323108,0.510665864,-1.544676625,-1.425062907,-0.742240193,2.876375306,2.5937912,-1.502582044,-1.38500669,1.617391783,3.844457213,-4.339436887,-2.69174768,-0.921822657,-0.893386234
PAS_FY_X_02,-10.61864712,4.746673354,-4.279220499,3.472808605,-1.135957735,-4.69832565,-5.361040295,2.218447954,3.531052259,0.081476857,-0.438832984,0.432743113,-0.494148447,-3.509363408,1.833989398,-1.667239652,0.530817595,-3.249128297,-4.589878207,-0.55633712,6.614857553,3.277323246,-0.140418111,0.925013772,-2.066538753,-0.871356469,-2.739024831,0.908556788,0.459920999,0.616829885
PAS_FY_X_03,-9.598551906,4.542353842,-3.721830918,3.405750649,-0.955833436,-4.04440909,-5.61114372,2.48067368,4.359051232,-0.853809011,-0.473870447,0.453070629,-0.480990792,-4.855084173,2.658587601,-1.555105805,1.513532432,-3.165407834,-5.75097145,-0.986953374,5.906549928,2.453145365,-0.498183587,0.886650803,-1.153422781,-1.528172773,-0.163163137,-0.138611133,0.976655515,-1.557391067
RFY_FY_C_01,2.151344484,-3.016231269,26.72919615,15.99018828,-1.771575462,-1.998215353,1.371168191,0.21869816,-0.13229683,-0.049433681,0.338833975,0.118926163,0.675753433,0.014714022,-0.104940199,0.252560648,-0.304926288,0.537965955,-0.096182965,-0.610673327,0.181057132,-0.36837041,-0.66664257,0.39082703,-0.260981236,0.279476144,1.506837254,-0.79639363,0.584155793,-3.89808936
RFY_FY_C_02,2.270552635,-3.040252637,26.40113864,15.85206556,-1.770403,-1.943249544,1.24664702,0.274864542,0.068000608,-0.169106833,0.013257116,0.059109041,0.271569063,-0.062390624,0.141580477,-0.258268141,0.054731811,0.201422044,0.267519022,-0.029560066,-0.099494277,-0.198685351,-0.4354022,0.354819026,-0.126495867,0.157794588,0.822956465,0.099738389,0.139738687,-2.149204362
RFY_FY_C_03,2.446338952,-2.762209585,25.41111699,15.43602425,-1.685255892,-1.692367856,0.803851159,0.01610425,-0.165976924,-0.147010767,0.145393843,0.082186197,0.034889219,0.106905606,-0.214454935,0.074142723,-0.155401937,-0.540920297,0.333164519,-0.695790866,0.688524456,-0.146071904,-0.364396619,-0.634705179,-0.563068317,1.17310743,1.053796149,-0.950101421,0.66912391,-4.517646019
RGG_FY_C_01,-8.819783497,4.68544435,-5.496717489,5.017003735,-0.750711368,1.114905119,3.40662467,-2.057221627,0.026243955,0.348228994,0.494750457,4.869422278,1.013003215,-0.146446345,2.005112908,0.157917627,0.36372265,0.306335996,0.323946234,0.475255243,-0.27295414,-1.360956192,0.00035625,-1.345768458,-1.288845263,1.382022395,-4.919945299,-2.215594082,0.850060277,1.973357898
RGG_FY_C_02,-8.897569038,4.505953635,-5.77255351,5.485170564,-0.727961468,1.224551867,4.62297216,-2.78248632,-1.101118138,0.532508209,0.184296064,4.7126887,0.11940943,0.229931281,3.028644575,0.177550567,-0.580210901,0.584367184,1.228681602,1.00197427,0.290842369,0.860830609,-1.59272533,-1.413429098,-0.856551807,0.738441941,-5.1762404,-4.35111057,-0.243348327,0.108133248
RGG_FY_C_03,-8.449593182,4.888086742,-6.070838035,5.707167927,-0.721124676,2.62806627,6.189958044,-3.480300506,-1.363217761,0.088762603,0.622657429,5.399624056,1.25088609,-0.032114724,1.129738585,-0.574956599,-0.117999679,0.476172234,0.588296771,-0.004972705,-0.634194614,-1.468930793,-0.038146006,0.604915844,-5.122882772,-3.608526241,-0.751851952,2.15270614,0.464333729,-0.229596904
SNM_FY_C_01,-10.01513326,4.952091,-5.985743376,5.353978608,-1.001297897,-1.137702684,2.960633886,-3.618183995,-6.785517755,4.527379782,-0.852755982,-6.110832274,-0.973236153,-0.088841592,0.2622948,-0.074891211,0.477477949,-0.571411886,0.61287942,-0.390004592,0.510718771,1.298056944,-0.65136507,0.036126258,3.066793632,2.511386078,1.20623189,-0.338495128,-0.388772641,1.310623253
SNM_FY_C_02,-6.660394015,3.049259749,-3.226237079,2.874957771,-0.536366531,-1.12979087,1.31195622,-1.838378927,-3.2291444,2.433184892,-0.212137667,-3.1151026,-0.370796063,-0.943815247,1.226917838,-0.23913105,0.002573119,-0.619330799,0.078219873,0.223463891,0.993328641,1.321865986,-0.293592257,0.513636122,3.237739888,1.994658191,0.656538297,0.129398876,-0.270641257,1.114606383
SNM_FY_C_03,-9.529913954,4.825534814,-6.159723353,5.449039703,-0.953627352,-0.394243761,3.230115432,-3.82969353,-6.49395557,4.441250202,-1.169215805,-7.617517852,-1.376632855,-1.420267447,-0.535353509,-0.488932556,0.155013256,-0.733754125,-0.088499005,0.309713637,-0.118237689,-0.219106339,0.632627242,1.587809471,0.993259484,0.41031066,2.524325387,0.898519615,-0.422598125,2.008446284
TES_FY_C_01,-8.702093161,4.520229798,-5.387819939,5.364554041,-0.786945663,1.301707706,5.559658086,-3.716044838,-2.454782708,1.055525145,0.818046727,6.620816303,1.399021007,0.866891503,6.431337577,0.643424519,-0.016640132,0.667694331,2.177936697,1.085707328,0.329378404,0.512887243,0.513204365,0.630045071,0.459298591,-0.271542546,0.802920375,1.039552057,0.123129972,0.625524594
TES_FY_C_02,-8.185005626,4.530453207,-5.300233132,4.716559752,-0.875101192,0.556358367,5.720415321,-3.868349037,-2.424537395,0.793674499,0.988178363,6.525720851,1.258537593,1.455391994,6.827879729,1.226094924,0.394538134,0.176673014,1.090042757,0.629223656,2.603893035,2.32445311,0.707174261,0.511065958,3.790032571,1.669875057,6.548671541,2.689161245,0.360024549,-0.229186863
TES_FY_C_03,-7.840015989,4.53541718,-5.842572078,5.688879302,-0.802029654,3.099716336,6.210852815,-3.914690297,-0.587327257,0.547948282,0.66303503,6.111962402,0.875935847,0.630768577,2.629368284,-0.302830216,0.04790927,0.068143822,-0.137133796,-0.630673711,-0.586793103,0.266238123,-0.456861239,0.514750501,-1.811079103,-2.449491211,0.655598317,0.208032948,-0.93258116,-0.365485323
GUN_FY_F_01,-8.493790693,4.717399024,-5.420521809,5.024910608,-0.700410193,-1.358887972,0.502591051,-0.11955949,1.274823303,-3.539957051,0.356086366,0.372022572,-0.136171858,-3.621855469,-5.099198095,1.544616947,-1.916720557,2.193198297,7.41914448,2.127982965,2.91247165,5.768168262,-1.344711346,-1.597146522,3.079653346,2.227202862,1.039861703,-0.678710881,-0.187676971,0.416206872
GUN_FY_F_02,-9.072656899,4.563533118,-4.818866416,4.620942147,-0.759857394,-1.269388824,-1.004939695,0.562019364,1.611219966,-3.824616732,0.329032866,-0.252775547,-0.481712872,-5.034260181,-4.439301501,0.967636638,-1.718850073,1.841447189,5.318307798,1.790278039,3.084813747,2.821510868,-0.044727704,2.019038118,-2.73238964,-3.003233371,3.370687306,0.640824789,-0.593383867,0.789695914
GUN_FY_F_03,-7.480288535,4.275552084,-4.872332677,4.412572147,-0.645608441,1.161572228,1.337710644,-0.25203832,2.303477088,-3.77714164,0.204825426,0.184785098,-0.302625945,-3.018041988,-4.98674193,0.773420612,-1.887976714,2.47725482,4.917428443,1.835422846,0.026828228,0.214190916,-1.179318455,0.837140992,-3.099705121,-2.642824955,-0.897911526,1.622806892,0.501235063,-0.846889322
MTB_FY_F_01,-4.917501642,4.003352975,-4.578717015,4.665249657,-0.33547968,6.121955884,5.610502153,0.600136257,4.941615745,-8.768415042,1.031009533,-5.600732232,-1.090551607,1.490635565,2.466029139,-0.038640224,-0.060289524,0.002019287,0.594621203,0.331317679,-0.077136489,-0.588666002,0.326856725,-0.196555829,-0.251259144,0.82867558,0.802863706,1.897972389,0.64449271,0.139572606
MTB_FY_F_02,-5.294579659,4.409385254,-4.991653019,4.86508874,-0.256623711,6.461480023,5.794576813,0.549257986,4.909311679,-9.369535007,0.850050128,-5.608596722,-1.172285279,2.385381959,3.521068096,0.614339046,0.707802764,-0.009541605,-0.611999066,-0.435952121,-1.219439663,0.285356226,0.522591745,0.428564588,0.682279955,0.408994974,-0.187570964,-1.122300421,-0.823193478,-1.21494739
MTB_FY_F_03,-5.824473725,4.397557702,-4.9315299,5.078177545,-0.399620993,6.436146581,6.112895604,0.155628893,5.416878489,-10.44472049,0.861114708,-7.114403707,-1.512041803,2.379197406,4.609943716,-0.248868271,0.453407475,-0.750432844,-0.296396604,-0.045073856,-0.8505245,-0.903905554,-0.35098958,-0.512912186,0.426537237,-0.259922382,-1.447679813,-0.976550096,0.395200374,0.431884267
SLV_FY_F_01,-11.73023625,4.979600338,-5.048116819,4.34456993,-1.101958258,-6.917353084,-7.956269482,2.530840346,-1.879091857,-2.63998899,0.203548775,1.116749517,0.53304769,-3.244991607,0.774838185,0.376739739,0.268975816,1.778650029,0.61036964,-0.000166793,-3.940785807,-4.479848347,1.295457421,-0.445120131,1.183072622,2.139953635,-0.21743959,-0.552729824,-1.189980255,0.201164486
SLV_FY_F_02,-11.7621386,4.978819591,-4.914792351,4.250591312,-1.173118445,-6.672717496,-8.040088329,2.45328875,-1.652071422,-2.793043562,0.220999572,1.332543207,0.969731705,-2.738998973,1.67580387,0.358932237,0.611070194,1.543756499,0.41396196,-0.051490114,-3.663591804,-4.447043246,1.227311402,-0.363491783,1.619364886,2.210616977,-0.475571094,-0.549394482,-1.258305694,0.248182602
SLV_FY_F_03,-10.62661048,4.468905103,-4.194834277,3.98540259,-0.902947365,-6.287876851,-7.613768778,2.184008091,-1.699524947,-1.486352209,-0.366995747,-0.151200048,0.425488368,-2.918062943,1.589340318,-1.007938341,-0.181583397,0.165614385,-1.418610514,0.189116385,-1.915414127,-1.745269314,2.482046099,1.273925973,-0.222794497,-2.418561408,3.658904809,1.180320868,0.620540316,0.64542763
TRE_FY_F_01,-11.38537641,4.950389662,-4.926453481,4.381364383,-0.935642248,-6.422411523,-7.640496741,2.314127771,-2.174744714,-1.090069441,0.659414353,0.164243096,0.087303194,9.320942522,-2.104801297,0.805333132,-0.07268389,-0.974831926,-0.896591958,-0.919947095,-0.643022143,3.046754662,-3.944137522,-0.964890225,-1.379296626,-1.300262221,0.643551843,0.914467723,0.350255273,0.99910843
TRE_FY_F_02,-10.84699074,4.684343232,-4.689276312,4.135740431,-0.864683416,-5.8608406,-6.802077446,2.121120013,-2.281297136,-1.471765509,0.952424691,0.262781729,-0.138041481,9.689894071,-2.294126485,0.807068207,-0.168265882,-1.336102798,-1.29144599,-1.43591,-0.471830439,3.252471172,-4.223027281,-1.172992512,-1.026322273,-1.348558841,0.882120119,1.077917754,0.413027572,0.783354595
TRE_FY_F_03,-10.99261798,4.798457629,-4.694659532,4.109558589,-0.9515021,-4.836050144,-5.03764188,1.660968583,-1.60680933,0.335059589,0.599481375,0.754069762,0.780373137,6.888592971,-1.030062572,1.006387658,-0.681826779,1.765282164,2.944617536,0.222815368,-0.228796294,-0.331979443,1.629607176,-0.333787979,-0.206300726,1.424116851,-1.734411626,-1.715357672,-1.000207007,-1.464542169
TRQ_FY_F_01,-10.50778657,4.503575678,-4.232254719,3.511259602,-0.864501297,-5.668484697,-6.482747834,2.026819189,-1.179032199,-1.797113542,0.172177423,0.966832476,0.697581443,-0.25264508,-0.425307828,-0.021237679,-0.36933756,0.681156657,-0.04094014,-0.105022114,-1.768198888,-1.547345913,-0.310546331,-0.374691481,0.341170645,0.233464049,-1.000033065,0.649313797,0.418050774,-0.979728418
TRQ_FY_F_02,-11.9902885,4.901095386,-4.957864478,4.262457746,-1.186996819,-6.516371913,-7.539359868,2.417300921,-1.416114768,-2.430873995,-0.170618643,-0.130934339,-0.143944996,-3.308759378,0.933672313,-0.601643949,-0.0683416,0.561477896,0.357685616,-0.095127461,-2.416783606,-2.454645777,1.975381342,-0.296420439,0.439282967,1.06030769,0.019204704,-0.710113083,0.453226582,-0.541562567
TRQ_FY_F_03,-11.50292713,4.766662767,-4.509855665,3.893270587,-1.101470849,-6.835295909,-8.368957836,2.0464452,-1.849700579,-1.417880463,0.749124961,-0.078640629,-0.101662166,0.852122932,0.217901945,-0.378329238,-0.015260116,-0.365233388,-0.769551918,0.348836055,0.149345423,-1.177560076,0.625627607,0.8846736,0.883500068,-1.80532685,1.04838335,0.589827359,0.518955048,-0.323193351
MOB_FY_G_01,2.907777238,2.696487385,-1.418156191,1.66239974,0.475608162,13.6952801,1.142678012,15.68459947,-4.382117607,1.097699831,-3.966387281,1.324862382,-0.424230744,-0.276737369,-0.12308949,0.505977241,0.072489278,-0.074229935,-0.072905118,0.014053525,-0.43209652,-0.145260142,1.036638624,-0.029645106,1.602266273,-0.73698007,-0.85669147,2.025908244,0.596158628,-1.349496088
MOB_FY_G_02,2.704603551,2.645841938,-1.563080635,1.762831215,0.582688782,13.66672196,0.943777931,15.68707144,-4.497389135,1.250810853,-4.047543798,1.426287786,-0.552436075,-0.395060046,0.339153519,-0.403916491,0.291107863,-0.791049065,0.683044612,-0.423881387,0.114658887,0.303503358,-0.382000834,-0.011510377,-0.723200196,-0.091693225,2.234913163,-3.07272048,-0.178364705,1.773251291
MOB_FY_G_03,3.008798245,2.64300599,-1.282240279,1.581158577,0.446757521,12.37605157,1.011070371,14.85652028,-4.07076925,1.354081409,-3.632722753,0.703001656,-0.642730557,-0.423216316,0.175153624,0.22402324,-0.091078472,-0.52751611,0.136362851,-0.10383951,-0.206833929,1.330351279,-0.548988135,-0.218000775,-0.926790085,0.533042665,-1.201283966,1.048255875,-0.445984205,-0.437862802
RFY_FY_HC_01,2.230795129,-2.744771426,24.84676626,14.91898768,-1.811885911,-1.925426747,1.182412238,0.37452142,-0.109276369,-0.121453226,0.210162134,-0.202161596,0.115278256,0.511448499,0.146279953,0.078089895,-0.112217273,0.308521036,-0.410894479,-0.156042705,-0.522371236,0.125994309,0.323524998,1.251995419,-0.224479358,-0.598519171,0.337347357,-1.5123751,0.250243386,-1.320418896
RFY_FY_HC_02,2.553180275,-2.958872694,25.93723187,15.37053096,-1.736616481,-1.774947561,0.928795938,0.251882989,-0.189396085,-0.088360072,-0.339820119,-0.096117401,-0.169243532,-0.071646283,-0.128248306,-0.098908527,-0.046529297,0.362627835,-0.488373418,-0.026307367,0.148527694,0.238876834,-0.34270164,0.129015464,0.84617132,-0.492936975,-0.053010209,0.114164048,0.329246269,0.544473326
RFY_FY_HC_03,2.390922508,-2.383593345,24.06956944,14.45099829,-1.651817573,-1.232690829,0.694459614,-0.080486322,-0.040922828,0.244247388,0.583456826,-0.30747181,0.135659948,-0.586833073,-0.083492601,0.064284434,0.215353706,-0.379865731,0.026982427,1.362863228,-0.379668733,0.231638906,1.473249858,-1.736683419,0.222216122,-0.493705273,-4.193297182,3.328001733,-2.147445497,12.26317203
RFY_FY_HS_01,9.756199548,2.967421232,-0.778198573,0.18811112,-0.22260959,9.509898733,-5.547773813,-1.033549205,0.185275519,1.660828649,6.530917306,0.068897722,0.879409345,1.671141587,-0.826602159,-1.032621636,-1.536166336,3.07595688,-0.573251472,2.921256408,3.459814138,-4.605666627,-4.443934832,8.709083088,7.97495143,-5.404977497,-2.667728233,-1.78325659,0.678749771,0.224730165
RFY_FY_HS_02,12.62553756,3.065503203,0.170287777,0.251155324,-0.409631261,9.222877525,-7.555359089,-3.452690316,0.180215541,1.369856477,5.511548632,0.742729909,-2.845931352,-0.504908076,0.380206843,-4.527724203,-1.976664374,0.520676124,-4.611488909,11.24090263,-7.216574919,7.525892073,2.316699407,0.200239781,-1.259467332,1.282870413,0.539190898,-1.201455201,-0.29625543,-1.37853525
RFY_FY_HS_03,10.9037629,3.027538455,-0.846264937,0.169453194,-0.207929067,9.751153778,-5.814999785,-0.973844887,-0.086887592,1.656488545,7.103678483,-1.066076174,0.85096954,0.100271733,0.236269166,-3.433086403,-1.098708224,0.235440168,0.594795053,1.547487016,3.986318423,-6.542307517,-6.019792661,0.280016676,-6.861954825,8.374688284,2.663866459,2.644567936,-0.564002615,1.232483384
MAL_FY_M_01,-12.37680837,4.257470907,8.809730896,-16.96575458,-0.825940311,0.612613983,1.12212057,-0.287947948,0.672502819,0.09250801,0.121047319,0.391519251,0.356206493,-0.566489261,-0.092644162,-0.003871454,-0.290263929,0.519222319,0.463418431,0.088268452,-0.208281582,-0.166503789,-0.916074484,-0.880691547,-0.013336458,0.477721435,-1.628824699,-0.66721023,-0.214986909,-1.01863453
MAL_FY_M_02,-12.29365962,4.296169166,9.399426107,-17.51341682,-0.850400277,0.267409435,0.285465398,-0.689152763,-0.183421983,-0.260148819,-0.405124584,-0.564064788,-0.361181558,-1.439336517,0.81910142,-0.562723213,0.343856609,-0.624023314,-0.97108794,-0.102461577,-1.56274363,-0.101624017,-3.089766648,-1.372756035,0.076363823,-2.356002423,0.836102402,0.916477529,-0.113811299,0.494471772
MAL_FY_M_03,-11.54542611,4.087927236,8.789415667,-16.49595701,-0.832684899,0.303025574,0.155379139,-0.392754693,-0.265878224,-0.57074953,-0.11268559,-0.388883108,-0.095804131,-1.556478712,0.991665765,-0.50070591,0.365537214,-0.451326073,-1.13090764,-0.114674617,-1.049734833,0.081799799,-2.831168151,-0.942401322,0.059804144,-2.214484636,1.156404702,1.126603357,0.054172177,1.032979873
SLV_FY_M_01,-11.14685838,3.791930553,7.742327003,-14.75557816,-0.765729489,0.630726766,0.426940353,0.262765321,-0.408352772,0.619234423,0.866259881,-0.155125873,0.135715747,4.55741978,-1.73734628,0.4387904,-0.493343602,1.000179769,1.232037582,0.316687846,3.459547359,-0.088837752,7.386493053,3.406415563,-1.169737532,2.890595203,-1.157560702,-0.662459302,0.473876748,0.149884407
SLV_FY_M_02,-10.93696544,3.819490584,7.785983394,-14.5605564,-0.774845513,0.357453486,-0.269632978,0.24314944,-0.873598618,-0.044941952,0.618223787,-0.315015875,-0.005202336,3.723286868,-0.78149638,0.35454442,-0.122218835,0.171231908,-0.048269525,0.381292898,3.473928992,0.109635848,7.296960095,3.487103089,-1.642120902,1.415158636,-0.187852254,-0.330310859,0.56356595,0.360757077
SLV_FY_M_03,-11.13783094,3.858343791,7.695278893,-14.80558316,-0.842911602,-0.316010552,-0.995891786,0.16109772,0.000370142,-1.204980707,-0.074215359,-0.051256956,-0.334430011,0.121710894,0.218711875,-0.295972635,0.092854066,-0.566817546,-1.360071638,0.17897525,1.73425898,-0.424959165,4.474034419,2.627820094,-1.206340336,-0.23824362,1.66930012,0.507676126,0.687885937,0.803062734
SNM_FY_M_01,-10.92018551,3.966517504,8.54267595,-15.77474007,-0.804459699,0.682384796,0.697546238,-0.745674824,0.282467527,-0.579866186,-0.163806325,0.510787296,-0.229804797,-0.776281702,0.151459969,-0.208749157,-0.04441316,-0.319118767,-0.433291246,-0.523394538,-1.27630093,0.050883767,-2.229796989,-0.960929893,0.437925594,-1.09492064,0.385572884,0.457264221,0.035304038,-0.067657341
SNM_FY_M_02,-11.53357438,4.017808249,8.715433574,-16.63987333,-0.824300442,1.283565937,1.857762251,-0.639449758,0.48664304,0.759988348,0.063546413,0.625183077,0.415786454,0.269805442,-0.60914744,0.547429168,-0.622456675,0.820745727,1.799348724,-0.138796555,-0.433625216,0.300533146,-1.219486408,-0.658072785,1.017164214,1.998583006,-1.018323277,-0.82493145,-0.56150807,-0.732337075
SNM_FY_M_03,-11.70401617,4.058949049,8.907383146,-16.9409202,-0.722210632,0.749514681,0.989256442,-0.604858618,-0.028966066,0.180737488,-0.083051214,0.086031066,-0.083139688,-0.573896353,-0.356919673,0.229022964,-0.288050166,0.281642025,0.922583623,-0.165590523,-0.97863595,0.143082679,-2.417655428,-1.167367662,0.946559441,0.567298809,-0.564524723,-0.249626339,-0.312434782,-0.541156209
TES_FY_M_01,-11.59313256,4.188679895,8.663151695,-15.97137164,-0.870264661,0.551449214,1.098680727,-0.662267505,0.18659401,0.22777196,-0.187671356,-0.04112588,0.069865715,-0.626103595,0.143327832,0.059658132,0.247199061,-0.310646814,-0.011299757,0.029040813,-0.790902201,0.109878855,-1.240210149,-0.512387381,0.145844533,-0.107298166,0.325104096,-0.171154679,-0.118018787,-0.182679127
TES_FY_M_02,-11.85957331,4.175268309,8.630888488,-16.56390558,-0.825839321,0.755701678,1.575315852,-0.553187752,0.173388667,0.302048341,0.068122597,0.35835682,0.191996532,-0.534974671,0.004918596,0.286547094,-0.040912086,0.337633576,0.788317141,-0.082048879,-0.953078496,-0.230354202,-0.984199405,-1.093375843,0.362340418,0.65205112,-0.708750711,-0.531271402,-0.354517642,-0.701071914
TES_FY_M_03,-12.15292071,4.185528742,9.603676572,-17.58314556,-0.808952411,0.364127485,0.459595241,-0.790117778,-0.234516944,0.068057671,-0.489622227,-0.600006668,-0.418708507,-1.398977308,0.472730112,-0.155183196,0.357175271,-0.760256988,-0.802885602,0.094568833,-1.229885745,-0.060432149,-2.040382422,-1.148044242,0.086433483,-1.624977773,0.954534096,0.429115061,-0.092688108,0.360217823
DRY_FY_N_01,-1.287787799,-30.50977161,-3.447545082,-1.603732516,-2.159664564,-0.086042794,0.189590196,-0.062805166,0.069103497,-0.239654188,-0.150818271,0.035750321,-0.424552025,-0.139287848,0.421989624,0.79226804,-2.75901551,-0.631780163,-0.559299848,-0.416058583,-0.027500853,-0.130887962,0.062851557,0.312577221,0.892862307,-0.995549386,-0.157785366,2.001418917,-3.593953984,0.157980902
DRY_FY_N_02,-1.301437016,-33.22394644,-3.822381566,-1.765166919,-2.252615634,-0.229479754,0.087808483,-0.07892466,0.016711851,-0.16807276,0.04076839,0.136420216,-0.203124978,-0.139177309,0.116029791,0.579658722,-2.165035225,-0.450628951,-0.419622467,-0.129015093,-0.149932735,0.097059932,-0.067486312,0.135255776,0.296415353,-0.383201099,-0.255946252,1.550222464,-2.424751305,-0.413571922
DRY_FY_N_03,-1.347817277,-34.00370429,-3.826522051,-1.763383363,-2.349225908,-0.008496524,-0.025693637,-0.077421705,-0.013589828,-0.034455668,0.01220401,0.051794395,-0.007679958,-0.00579514,0.371464242,0.885399251,-3.114849996,-0.935302375,-0.668825027,-0.147339647,0.223920074,0.068817049,-0.044333427,0.076580704,0.584906475,-0.2576446,-0.482956417,2.131096542,-4.70276472,-0.623162032
MAL_FY_N_01,-1.265815745,-30.1556176,-3.367053668,-1.58290201,-2.137053537,-0.08235549,-0.118011529,-0.180985662,0.090421498,-0.086146251,0.1249251,-0.169176044,-0.003603164,0.36826724,-0.327635151,-0.817463557,4.099273902,0.872862419,0.403114688,0.262691499,0.477342117,-0.042638939,0.323577422,0.753841596,-0.205972932,0.527482537,-1.087549958,-0.016177066,-6.674004149,-2.67717158
MAL_FY_N_02,-1.367136839,-35.62560858,-3.826227403,-1.926343415,-2.108922893,-0.136366751,-0.076578491,-0.025139586,0.015871844,0.041528571,-0.032324554,0.138494943,0.105104688,0.15201976,0.193903498,0.824679794,-2.931793936,-0.90288804,-0.560798658,-0.387351481,0.013014147,-0.115326669,0.082979832,-0.110335042,-0.313221825,0.589077225,0.222415221,-0.177957438,0.228165122,-0.50051406
MAL_FY_N_03,-1.494380903,-34.96783798,-3.859294905,-1.947714676,-2.386174462,-0.167162353,0.039265105,-0.112273735,-0.005567392,0.041632341,-0.091467388,0.065484582,-0.09187864,0.009316706,0.018044238,0.533352456,-1.956590579,-0.655537951,-0.165940685,-0.29229788,0.073401368,0.177842002,0.418002191,-0.138730329,-0.312037064,0.33593809,0.126742319,0.424958678,-0.582722407,-0.55740574
TES_FY_N_01,-0.890081831,-26.3610823,-2.921342631,-1.33029715,-1.509314218,-0.188493963,-0.008308547,0.083999435,0.034074789,-0.133808132,0.109174429,0.141665881,0.500843024,0.643971282,-1.538655977,-5.078538985,16.54366209,3.95962202,2.228910998,1.626366311,0.44474793,0.805750125,-0.412514539,-0.299857557,-0.103389788,-0.742033806,0.383916482,0.138503674,1.658980262,0.513484144
TES_FY_N_02,-1.42658019,-30.6876692,-3.32546617,-1.723083671,-2.106423813,-0.14195226,-0.16514322,-0.196122689,0.002354445,-0.016233412,0.171771391,-0.260182781,0.040265695,-0.29132933,0.044375409,0.404079951,-1.729423171,0.010244524,0.43516559,-0.069536882,-0.917089137,-0.560674214,-0.572888706,-0.461552687,-0.241179041,0.235519787,0.580741312,-3.817829605,10.21866659,2.310876885
TES_FY_N_03,-1.354835996,-32.90348198,-3.747195506,-1.842761245,-2.251044474,-0.216739728,0.068284679,-0.192851949,-0.138955557,0.159348687,-0.06635309,-0.070861277,-0.04834815,-0.505847489,0.316424361,0.791892356,-2.453450251,-0.452888547,-0.217884179,-0.26173421,-0.285918543,-0.153491918,-0.010467997,-0.378214694,-0.687749597,0.448220171,0.589935146,-2.361425312,6.236179433,1.892290302
SLV_FY_O_01,-0.169733641,-4.528942722,1.110703103,0.478248861,28.64152415,-1.588464639,0.123541193,-0.395960667,0.058427827,0.014371189,0.043795423,-0.042172971,-0.031067704,-0.01878601,0.031184031,0.001264503,-0.120657636,0.013169295,0.022367999,-0.012923986,0.010790822,0.043715112,0.027990215,0.039015947,-0.049059777,0.028960427,-0.044486147,-0.091674361,0.173473458,-0.051749362
SLV_FY_O_02,-0.2061789,-4.691235893,1.173355018,0.495530547,29.43124505,-1.638833808,0.093109426,-0.400337797,-0.029621361,0.031607179,0.083083657,0.069060963,-0.039734144,-0.066972154,-0.002842288,0.044768896,-0.028114122,-0.069428048,-0.11554662,0.01983466,-0.021790471,-0.064831464,-0.034683384,0.012581479,0.05689274,-0.087147566,0.024814204,0.054149343,-0.071667789,0.048215004
SLV_FY_O_03,-0.217303777,-4.634143289,1.086101122,0.476429858,29.35340005,-1.620794126,0.102790322,-0.411080317,0.008738772,0.018427372,0.064415914,0.029773482,-0.033768988,-0.05207465,0.053458262,0.036748733,-0.06260035,0.024225724,-0.060553896,-0.05785627,-0.025825269,-0.00111154,0.045292468,-0.011478322,-0.062862786,0.078298521,-0.054105967,0.045673513,-0.169094622,-0.021959701
ABQ_FY_S_01,20.33580833,3.940348574,-1.728934648,-3.268149815,-1.15177433,-5.778151751,1.950339194,-0.23551593,-0.253946577,-0.632663788,-0.627414513,0.881774876,-5.159667322,0.107269178,0.010522169,0.169057004,0.536844285,-2.065213951,1.058022449,0.192952297,-0.738234413,-0.667046831,-0.053755328,0.829335134,0.215286386,0.075466762,-0.587064081,0.110830632,0.483315318,-0.345241036
ABQ_FY_S_02,19.67777592,3.929239034,-1.594640988,-3.044062352,-1.138274364,-5.3253009,1.621488617,-0.094786135,-0.150861591,-0.348603037,-1.379237867,1.321648588,-6.121450349,0.248216538,0.108010912,0.367691144,0.583357152,-1.910487544,0.946224582,0.094744004,-0.421239542,0.201409397,-0.500554133,1.135343313,0.294018177,-0.514748045,-0.21563366,-0.831162597,-0.763216114,0.573448288
ABQ_FY_S_03,20.59602673,4.089792628,-1.65247579,-3.424925432,-1.095000919,-5.804067379,1.732911757,-0.231912047,-0.313607953,-0.573149214,-0.945876309,1.222184942,-5.31506658,0.033251103,-0.187017695,0.247023411,0.890770088,-3.149070191,0.952891023,0.105617103,-0.995545989,-0.056931853,-0.233542572,2.029140792,-0.688128,0.317362913,-1.040670777,0.683609439,0.272952971,-0.209472632
BOU_FY_S_01,19.60917991,3.856250184,-1.603590476,-3.030643117,-1.055609107,-5.042287238,1.235820491,-0.157337256,-0.020757931,-0.418880846,-0.499360444,1.402028854,-6.122204503,-0.045358865,0.033188007,-0.113226902,0.826724569,-3.523504129,2.083007115,0.080513326,-0.126757456,-1.450961347,-0.552232363,2.260585775,0.63651856,0.982661793,-0.812610361,0.838633209,0.166871724,-0.0034923
BOU_FY_S_02,17.9849484,4.049508183,-2.053467776,-2.550558783,-1.09633953,-5.406102709,2.207580419,-0.151615556,-0.481134863,-0.372730685,-1.315768871,2.458352688,-8.008243334,0.275438249,-0.23398072,-0.079884545,0.524612697,-3.45116528,2.071109928,-0.352046419,-0.947116375,-1.060493713,-1.031649395,2.667734742,-0.377659469,1.067681789,-0.702969728,0.88960404,0.115540241,0.213454889
BOU_FY_S_03,18.76958518,4.326295231,-3.479790265,-4.076461605,-1.098723282,-6.507992889,4.85184561,3.675223624,0.329186436,0.426348635,2.490694688,-0.467382386,1.076789944,0.020111772,-0.003642323,-0.724302496,-1.175157539,4.334646916,-1.860829264,-0.162082094,1.348208299,-0.355081064,-0.03073619,-1.030135451,0.276848334,0.110621845,-0.100470814,1.772284313,0.487051482,0.13519128
LOG_FY_S_01,15.82431006,3.267767922,-0.46208117,-1.023929861,-0.474183278,4.801297465,-5.541616605,-5.707711541,0.037424824,-1.105266559,-6.612231278,0.591439534,1.71158451,0.710590825,-0.247396616,-7.995092978,-2.15890465,0.585912418,1.198982548,-2.87968889,0.249736219,1.015548724,0.338336724,0.172197142,1.952984385,2.037373643,-1.752932897,3.910924833,2.284400205,-1.834169331
LOG_FY_S_02,15.17833663,3.255622713,-0.425540758,-0.839089152,-0.526528912,4.644707117,-5.414096622,-5.315882338,0.667271936,-1.370375982,-6.046887074,-0.011138023,1.323829223,0.834933078,0.5364446,-7.075585868,-2.447571515,0.608585828,1.587655521,-3.686379025,1.0713409,0.118937032,0.725764243,-0.714596068,-2.025266992,-1.855692978,3.369875819,-8.531350184,-4.861567987,3.41730995
LOG_FY_S_03,16.30408684,3.493813958,-0.473926402,-0.987866188,-0.570196968,4.195121854,-5.400843788,-5.804698461,0.1694976,-1.721175029,-7.332414068,0.398470619,2.605853576,1.174827513,0.241796945,-5.569587022,-1.865312574,-0.052079143,2.515881799,-2.277448356,-0.206954272,0.199838656,1.412881769,-2.539638695,2.492971321,-1.214717959,-1.727931283,5.039723545,2.442125911,-1.32133017
MOB_FY_S_01,13.50369852,3.024036759,-0.431050823,-0.955540566,-0.524407641,3.442472081,-4.152194394,-4.279156365,0.039844571,-0.562949469,-5.733523019,-0.308921626,2.158458311,-0.24095991,-0.200441116,5.060222048,1.152837378,1.140591136,-2.150413745,1.630210465,1.228467018,-1.383724539,-1.073942814,-0.130837441,0.009543407,-0.754283803,0.554222368,-2.419030487,-0.244417456,0.66493011
MOB_FY_S_02,16.19084853,3.552459725,-0.850129115,-1.128591419,-0.670263569,3.92938629,-5.376985727,-5.868026956,0.205550367,-1.297646668,-8.426805129,-0.000406688,1.533814336,-0.459399082,-0.341616711,8.489026968,2.064701636,1.863518051,-2.871725923,2.49233397,0.709501267,-0.067608922,-1.720299479,0.235700669,-2.246854728,2.844882818,1.103623323,1.994724023,0.940283755,-0.08296451
MOB_FY_S_03,15.88660121,3.159913947,-0.618278348,-1.291033446,-0.617367775,4.107730358,-4.931137207,-5.797369463,-0.009843599,-1.637325581,-8.114920888,-0.363271238,2.974212114,0.531451112,0.20899728,6.445800705,1.587686915,1.436066162,-1.77072964,2.670591155,0.061412508,-0.075627065,0.322231075,1.574840715,0.108247055,-0.436386895,-1.350495036,-0.608292748,-1.025024197,0.027020506
RFY_FY_S_01,11.64050404,2.951001108,-0.064460846,0.43374871,-0.249898528,9.063772513,-7.543182299,-2.95014983,-0.163114879,1.183178866,6.048228216,0.359460255,-3.152844072,1.180064266,-1.057963429,2.469796223,1.210772646,-5.460087897,2.023633286,3.345314287,4.884953722,-4.423443618,4.071816246,-10.93995718,2.522485363,-4.023915357,1.219625237,-0.30814802,-0.039475931,-1.251039647
RFY_FY_S_02,12.17674043,3.278366451,-0.922807873,-0.243863438,-0.304712179,9.366482858,-6.668285952,-1.790859105,0.082161621,1.77625336,8.657303515,-1.199715876,1.441517779,-2.143540322,0.626846028,3.577775051,0.997221979,2.660624837,0.241164827,-7.438725474,-2.226992412,3.887169239,2.284585642,0.066483804,-0.028833585,0.183112109,-3.320238307,3.468002632,0.831186538,0.00848428
RFY_FY_S_03,12.90507105,3.207506541,0.157613955,0.220288668,-0.398474711,9.566780426,-8.27274725,-4.27160705,-0.438636124,1.581112421,6.66757605,0.020757834,-1.833225368,-2.293817773,0.949694447,4.020328735,2.277324302,-1.228358448,2.193494553,-8.601228496,-2.780653468,3.084511786,0.206224662,2.119976024,-1.510928544,-0.458518345,1.538173301,-2.572893105,-0.348617382,0.19865937
RGG_FY_S_01,18.96041344,4.116011727,-2.869158082,-3.6000056,-1.03653934,-5.851048069,3.48606527,1.978028022,-0.084137508,0.416379519,1.258815274,-0.357709684,-0.969622585,0.353278695,0.171706828,0.550285753,-0.52585053,3.715127194,-1.599143854,-1.205808291,0.991188223,-0.404758076,-0.069752444,-1.615282608,0.001018121,-0.421846921,0.840587932,-1.486552759,-0.304322985,-0.585369674
RGG_FY_S_02,18.31075295,3.940929201,-2.525522194,-3.327636371,-1.063170898,-5.366218671,3.037345109,1.537072878,-0.18673659,0.11840523,0.663335386,-0.160782262,-1.466199365,0.011399864,-0.116101852,-0.210675648,-0.779481042,3.701315321,-1.462038107,-0.717524428,0.301572929,0.106101745,0.353877369,-1.617724299,-0.394925111,-0.77328688,0.561304384,-0.700752532,0.094338955,-0.087775477
RGG_FY_S_03,18.17367216,4.059534688,-3.49000632,-3.753652545,-1.024425999,-5.915551799,4.619852508,3.646600427,-0.123938646,0.796942464,2.810278558,-0.991924846,2.266591997,0.05414027,0.402956046,-0.723429974,-1.387242512,6.795514315,-3.057685797,-0.57173764,1.526258252,0.558435551,0.346242027,-2.979252947,0.376595776,-0.670092941,0.703198664,0.482944882,-0.52700596,0.379408815
SNM_FY_S_01,18.42765508,3.815643466,-2.574986601,-3.255562393,-0.898924197,-4.9349753,2.880722613,1.694387194,0.04074322,0.038383319,1.862269507,-1.340966345,8.26764674,-0.546321354,-0.277749293,0.16483904,0.791348891,-6.350810418,2.120426244,1.363786896,-1.649397046,0.351529071,0.456431461,0.821449352,-0.426311846,-0.166447007,0.413884521,-0.550991955,-0.048252696,-0.46420464
SNM_FY_S_02,17.15326655,4.010329205,-3.398228949,-3.470865198,-0.845388311,-4.621197018,3.830842315,3.347550032,0.369095553,0.334109114,2.937112753,-1.730013697,9.928174178,-0.235772149,-0.342741371,-0.159624367,0.367042247,-4.030215272,1.116706848,1.284772997,-0.760162433,0.27977771,-0.127940657,1.006736447,-0.073732666,-0.082304856,-0.694723285,-0.429022087,-0.254287097,0.204492642
SNM_FY_S_03,19.23344055,4.03924336,-2.588025968,-3.588308994,-1.021781722,-5.622920367,3.270125751,1.909400962,-0.130750476,-0.069686813,1.561399956,-1.400623409,8.315846922,-0.357775332,-0.335783655,0.069694386,0.936115621,-6.2013478,1.828852328,1.10213777,-1.398335434,0.584981863,0.012391608,1.071416455,-0.084931158,-0.390477915,0.100432963,-0.346371597,-0.040352584,-0.253338584
TES_FY_S_01,18.87472252,4.142195002,-2.933315303,-3.535452447,-1.064901082,-5.305451654,3.233639835,1.691173931,0.114427253,0.192306472,1.291242656,-0.616752116,-0.306762907,-0.216765656,-0.195550794,-0.118553887,-0.382976355,1.934102461,-1.037568347,-0.55493038,-0.035230792,0.392414913,0.382437935,-0.638998418,-0.078189445,0.277933429,-0.00436495,-0.366375133,0.173598371,0.22448951
TES_FY_S_02,18.60785144,3.946147046,-2.564678692,-3.293575362,-0.942989835,-5.533947046,3.222272746,2.14518061,-0.156664975,0.206472687,0.73250075,-0.212659306,-0.857122322,-0.337622435,0.200645226,0.31092338,-0.484128678,3.04101186,-0.919851622,0.597617233,0.65812021,0.083808176,0.424169939,-1.2604434,-0.195277194,0.394068298,0.172796222,0.154182025,0.395008259,-0.158703689
TES_FY_S_03,19.44268138,4.111132869,-2.639885587,-3.440670854,-1.047013219,-5.899921169,3.213686763,1.716336135,-0.044605148,0.131693927,1.168192017,-0.126982591,-0.508983294,0.111879226,0.579362367,-0.035400347,-0.653342204,3.20192866,-1.330808192,-0.92213759,0.57602585,0.659088281,0.568775623,-1.572984462,-0.271231824,-0.949707493,0.707974552,-0.841893989,-0.36013054,0.150348765