"","PC1","PC2","PC3","PC4","PC5","PC6","PC7","PC8","PC9","PC10","PC11","PC12","PC13","PC14","PC15","PC16","PC17","PC18","PC19","PC20","PC21","PC22","PC23","PC24","PC25","PC26","PC27","PC28","PC29","PC30"
"BOU_EN_C_01",-4.64666421702587,-4.19842041694995,-2.22473885300283,0.529346807088992,-0.148958489926108,0.123085472115261,0.217098297324512,1.59177307032227,0.532510714799251,-1.32204988756974,1.00682150140427,5.81981567306588,-2.69785629119556,-2.99581670445374,-0.89675002163313,1.20509269439422,-2.16400096559349,4.45817939411711,-2.54666166017295,1.21033052031005,3.00736009246727,-1.95455395829286,-1.89846360324611,-1.49296519775118,-3.42995867608832,0.0888210722278438,0.118310751962859,0.0902609218739643,0.482039475718891,-3.03704644460493
"MAL_EN_C_02",-4.92620276700399,-4.64568827935845,-2.2412051147707,1.27582267214001,-0.181298512794589,-1.68505284083209,-0.773530841371792,-0.41734409374667,-0.563407213388461,4.73114835533823,-1.91043632317603,0.609926164727661,4.00457457347059,-1.93067268711232,-0.85075718331552,-0.458888817141,-0.144528691936372,0.755834213162072,0.201554854102253,0.867327572146346,-0.966803122047492,0.256516515416041,0.447987305628267,-0.101810013719011,1.90193008202141,0.375932934206037,0.0681399917538072,0.127114635420117,-0.0326386666984034,0.433535735032659
"MAL_EN_C_03",-5.35202765775497,-4.57108801125407,-2.58516135124944,1.33908403611682,0.047790389014734,-1.89753088147242,-0.888376246504472,-0.226541089268343,-0.709039962614636,4.2791433556713,-1.14411742043223,1.96324327506805,4.94330663454511,-1.85429482227852,-0.923069981842367,-0.559706774975385,-1.19808137363255,1.25739102561423,-0.471195013715424,-0.0620950911798272,-0.881183392436778,-0.308346900400706,-0.107144898472931,0.107881668978212,-0.447956995811414,-0.734222664252776,-0.253690044967332,1.10610478666889,-0.62053962946268,0.899147622116836
"MAL_EN_C_04",-5.38719762907503,-4.94690030871641,-2.204692022543,1.26842202752543,-0.079832896590374,-1.57444577265004,-0.997773056537677,0.175297072345357,-0.410765024098662,3.66253991825331,-1.09492144772214,-0.684090792273522,1.36188849222953,-0.595163940469447,-0.0661404490826445,0.0379269886522814,-0.0523006525241372,0.612342480853685,-0.268280060489913,-0.847703823475934,-0.999984629453443,-1.50807042053058,-0.0589979008039677,0.000899702968325642,-0.425116482511039,-1.10935611720571,1.2831206925446,-0.208023434348689,0.527517202701489,-0.912410259768613
"MAL_EN_C_05",-5.43658302346983,-4.84220949205995,-2.22898751364455,1.17056843487577,-0.166357601624669,-1.64872963443464,-1.24674247907346,-0.47714768969072,-0.876960280211541,3.86807957609271,-1.18002727915256,0.776381043687721,4.92348555693916,-0.479121639139194,-0.729815517090262,-0.411352942908778,-0.246572045622944,-0.252179819973435,-0.00127000443796474,-0.443412258160551,0.0404474841314077,0.221158645283245,0.128957974097856,0.20540385064259,-0.981123150539519,-0.863623855357583,-0.036559042799092,-0.754957552713969,0.235138099091601,-1.06316568129219
"MOB_EN_C_02",-4.86251588808833,-4.10360798221327,-2.06490843854921,1.00603948874936,0.0308504867564411,-0.197330225904445,-0.509366483744798,2.03574376561626,-0.000970684257435765,-0.575725682225812,-0.150473153235508,3.3924684696836,-0.331022609459861,4.2890258206277,0.353908611620453,1.84443089441176,-0.353401161137733,2.66340186694317,2.30725616008358,1.44296163570562,-0.354765562995667,0.63248273215223,0.909371759450745,1.27264071142711,2.2995735563402,-0.551453289571611,0.286070119920332,-0.720822465982861,0.98473414800169,0.143318687920192
"MOB_EN_C_04",-3.83324716352006,-3.5645375904849,-1.66877287844431,0.819728547173024,-0.136510712013715,-0.103215735533525,-0.466846097752628,1.74776341692936,0.312001166109941,-0.730881400898073,0.27796750832907,2.56188587189314,-0.588874327236485,2.57899913595192,0.153159210032884,1.61301036272668,-0.206256031699042,1.47604186900445,1.22719395540852,0.195372393773382,-0.775488870406711,0.349260072671723,0.292579745134402,0.642767584299869,0.522808084698603,-0.07834138644724,-0.0545444950251643,-0.314808835387441,-0.122909254841239,0.625557092171283
"MOB_EN_C_05",-4.23831536761514,-3.74663500166401,-1.68168871496371,0.369801012110017,0.0957815597016562,-0.0242860935341863,-0.452383267891426,1.74053529711366,-0.0195993593071585,-1.23432030807234,0.251866062290257,3.93624121347732,-0.68945487319294,2.86816604565898,0.1417248475088,1.03041846655879,0.0408840098501269,1.44206849719756,1.00414051052321,0.428600530538804,-0.718774957319129,0.144047325116288,0.452174165500046,1.83992324063966,1.62541098209215,-0.524339255384846,1.03018184078604,0.74044565870056,0.110459215690989,0.431876285777644
"REN_EN_C_02",-2.96869799766983,3.07243996696189,1.17077118307886,-9.02449301805621,-0.175541044818848,-0.687238817682642,-0.483597969851556,0.0360269642158875,-0.109027900157528,0.263446798539055,-0.536901378977965,0.349407222934821,0.112229508622367,-0.493660607889727,0.351819661269162,-0.601137305791561,-4.07396022789105,-2.70450435909955,4.64467635269526,0.661274520100868,2.03346563224265,-1.44554242033653,-1.37569201614755,0.253059768292285,-1.15443169076865,-1.43690926698819,-0.10431073710045,-0.930958127470231,-0.942501729915094,1.50370275865162
"RGG_EN_C_01",-4.73628360724318,-4.18865601564355,-2.07323137130479,0.862498551332677,-0.159119672418067,-1.01536073910843,-0.307733943822293,0.607420061844498,0.0628045411943283,0.56975436772946,0.360556008460088,1.77206650413729,-0.935825808349667,2.33072754963808,0.611900409395497,-0.941190917267459,0.713594099145456,-2.10097197797699,0.176538894799555,1.53757407220654,-1.2352501570786,-0.154921446901879,0.539405029800444,1.04678487245864,-0.0408019419869731,0.54753316615672,0.0389105835700623,0.370383914839958,-0.234341192722813,0.768475657797362
"RGG_EN_C_04",-4.62370195538124,-4.08223917378649,-1.93737080531457,0.688308962241617,-0.147791616223192,-1.2602352547186,-0.0740827751002193,0.0831049731254122,-0.0868296562525258,2.43275834681904,-0.44274227273722,1.01894221124392,-1.99003166015312,3.7155438381237,-0.268684401598393,-1.73295773882005,0.370827845979782,-2.23970743999016,-0.965645393306456,-1.10873327276626,1.16813403867722,1.94753944663642,-0.609511148907367,-1.69140624636183,-0.989288173756771,1.36990702202173,-2.26541391648316,-0.542123537556476,0.395410208305509,-1.00659500997981
"RGG_EN_C_05",-4.40217305359767,-4.38803407027484,-2.13612566129659,1.17403955302755,-0.137996118945012,-1.46497554321021,-0.784710310015859,0.46516883437294,0.0868889153375109,1.31530365848953,0.0437058045012635,1.33024431240761,-0.577107491054963,1.02137048836462,-0.235328839429133,-1.01060302291466,0.435974383564553,-0.403717212632056,-0.230474033320081,0.635935026889522,-0.349055443999309,-0.12297886615328,0.0806666247173509,-1.65911686405948,-1.76030264154151,0.855587067540285,-0.656066757767615,0.490153435055304,-0.754904321667225,1.70215910684069
"RGG_EN_C_06",-5.12638473633525,-4.92647659537616,-2.26398127730651,0.938177941311787,-0.172201758752107,-1.12201499148558,-1.31518506646461,1.48282162611599,0.0858564959556092,0.332670782563238,0.483164227732466,0.986839934565117,-1.14931754817614,2.98865975790345,-0.14365044126709,-1.74976698129243,-0.0278282630294933,-1.21763030260256,-1.69238045384014,-2.75965272309549,0.207774511232929,-2.20048186645633,1.45681513518661,-0.726757765084908,-1.24375357670179,-2.48531186051438,2.51225696071678,-0.0382959485983062,-2.29788130690995,2.29858638746218
"RGG_EN_C_07",-4.54256692513083,-4.13398069767471,-1.95247622668087,0.965883020807772,-0.286501160353925,-1.04190974435131,-0.26481063469947,-0.42517424742286,-0.0212133005974263,2.26798749788062,-0.802563420150449,0.724853638491537,-1.51753896822574,4.003471023815,0.0729716170279321,-1.50946808906763,0.299440790330237,-2.41033283915199,-0.722466168955472,-0.525580118732293,0.922898229831205,1.39494213556531,-0.425965104916473,-1.75275761994644,-0.603188422427569,1.21180382336296,-1.93370628189959,-1.00894529558679,0.464032660526101,-1.51909914491129
"TES_EN_C_01",-5.51463786967505,-5.38733785705269,-2.73695215808909,1.33078777595301,-0.265220780166786,-2.56457652176218,-2.75247396818039,4.085644224272,0.425031046380671,-2.87825563853061,1.296256148576,-2.7227363005545,0.947933075471828,-0.691842260021759,0.0905337216671351,-0.821456594327073,0.018944817787286,-0.477171267983153,0.0651716422284546,-0.768439589739643,0.337987938472415,-0.131045066453819,0.426774990805358,0.651459774237282,-0.303458765364111,-0.0563147621467803,0.710351957036055,-0.167000820076775,-0.354799642618579,0.250940083620606
"TES_EN_C_03",-5.60182279655845,-5.02350684497508,-3.00040989545136,1.15397489092208,-0.339395603008045,-2.07088900601042,-2.18991078516702,4.52894926576814,0.42702454577661,-3.06887889189126,1.06024578611112,-3.02646802541029,0.230172100982992,-0.178104436242374,-0.62114557599284,0.236714914346591,-0.268626472941638,1.50428598079994,0.0377033585083369,0.624087658100367,-0.0184553804442537,-0.44491800624291,-0.43997694802009,0.382095577482531,0.502122352547723,-0.148031843326101,0.0479166444359331,-0.426024218315163,-0.132166717391418,-0.642069069011885
"TES_EN_C_05",-5.24767164488439,-5.03295876388993,-2.81667840679791,1.01731234526174,-0.302497147533541,-2.40325257285792,-2.36825418974602,4.11804967000134,0.345886773640684,-3.24714675636874,1.3484308141549,-2.81595508545527,1.17723228895071,-0.0994679153664732,0.0952178675512394,-0.269511547991941,-0.227733545222594,-0.193227226550963,0.119296103827899,0.152886718389176,-0.176355587322643,0.801979849300048,-0.612971806799017,-0.974408549416426,-0.465435711380386,0.543608952809868,-1.50292940898631,-0.0790136107582545,0.279605915052281,-0.0595701569974641
"TES_EN_C_06",-5.35781900977741,-5.1648159686154,-2.7480825514464,1.41821483681502,-0.232391010210192,-2.20390928719316,-2.2254161316094,3.23643292626499,0.155025918760675,-2.02203762095548,0.997459513084696,-2.76875996828454,0.00651540632576223,-1.35974113623154,0.394232005191055,-0.636763181500003,0.247976517504707,0.0199863699298727,-0.181612035187333,0.192628544111495,0.435686866143663,0.446136375194364,-0.444094716323453,0.253331088097113,-0.0114438662703135,0.0968493200978432,0.408444284900313,0.129096597181505,0.109263801428025,-0.0582651646987356
"TES_EN_C_07",-4.76595237245292,-4.74952352070686,-2.32143865726559,1.29427296339058,-0.29562846600359,-2.08383930024794,-2.1079711621195,3.72181874571421,0.24340377474762,-2.63447457847042,1.04393430167869,-2.72014430719719,1.20142718536642,-0.509905376903393,-0.201282549676538,0.0875241153655261,-0.0883583394566854,-0.263537949593214,0.250976879693977,-0.000458632976846334,0.198395498036548,0.402400069781995,-0.287425148095123,-0.237977406389727,-0.103370021319437,0.457655777736272,-0.862933412605451,0.191328011035795,0.64478797157593,-0.371990356292609
"BRG_EN_F_02",-3.96962966515707,-3.14691370606155,-1.43122300840542,0.295251464896872,-0.0955695208501136,-0.241898333836151,1.72651303464037,-4.16673952004581,0.0840464338856236,-1.95956208551851,0.45521978796586,-0.525083886834886,1.95171616166026,1.39718739781802,-0.687854256699955,0.282790828190936,-0.218610489443019,-0.130797917239195,0.443648257099173,0.738333153811013,1.69710926668883,0.253976671692668,-0.225764805730445,-2.43021716944942,-1.14955636643841,-0.0528591824510868,-0.493162560156628,0.493589685065029,-0.175172469551389,0.184729107448982
"BRG_EN_F_03",-4.26914744084793,-2.40967053513418,-1.19056096837532,-0.588658499897891,-0.0697833629663405,4.00314661397277,5.03254238942807,2.47375468288707,0.190190476311412,0.569999651771321,-1.9681510752961,-1.27100495164773,1.81998397623874,0.686003971458645,0.352910970445036,7.73060216072686,4.32895997118292,-1.07903360717401,2.99339505736407,-2.31803215308313,0.218143127375849,-2.0281857686228,-1.06869976872166,-2.51048186353245,-1.80527670342429,-0.142092577285514,-0.841078793571491,-0.030036134262755,0.098937569856376,-0.183543756608973
"GUN_EN_F_04",-4.30896069662726,-3.30735047452053,-1.39984030903253,0.512623825643342,0.0838168151018304,0.33277144488071,1.71236732458171,-3.32966227448725,0.0372649992367593,-1.51164971483561,1.073083140832,0.207148538350076,-0.308623478540368,-0.0721162009412973,0.0643497900024145,-0.208526016102414,-2.22404997043146,1.10387799658913,-2.35177114399843,-6.59826898344435,-0.105503828913976,-3.50679231750218,0.201396656326063,1.71397165184568,1.49264666072162,0.238167188250696,-2.68151493428972,-1.05717605794862,2.24739953533445,2.15235259895669
"LIM_EN_F_03",-4.5742742823915,-2.37978210053983,-1.37986838702899,-0.267406167178009,-0.241137283378442,6.1345804753759,7.32008261378546,3.75995396517149,0.261528074060233,-1.84755438645448,-6.89040311648012,-0.654645002616582,-0.137641299669205,-0.480486395014113,-0.0546263511303503,-2.47922095317708,-0.944102952175825,-0.0122569560221458,-1.20720952173778,0.583303465989769,-0.0605362275689236,0.303324521260389,0.42646487836901,0.493750669693267,0.315620658952503,-0.0547369168360517,0.142361882789675,0.162774052833579,-0.376456833269064,0.0727641771403915
"LIM_EN_F_04",-3.62740052652948,-2.03055613449431,-1.25323022884211,-0.366054054857689,-0.18540281232894,5.15709062009223,5.96885261568347,3.08621983173558,0.159184544994337,-1.4044679855136,-5.84982240261023,-0.632325536062241,-0.188741890393867,-0.553746884724252,-0.0739923631164254,-2.42890013038423,-1.10495474128061,0.161280644392575,-1.19323408546168,0.659363106300845,-0.142021993177135,0.714023508414409,0.505180936412027,0.520348963314195,0.312977118171178,0.0840303052415532,-0.11829411540444,0.178734249745322,-0.128857864515794,0.359204471558432
"MEE_EN_F_06",-3.29362884130109,-0.080192832740514,0.00611329919849743,-2.16255352550149,0.0548104988927714,4.69616449460609,6.7625746029539,2.53863790873302,0.513716396451124,3.25866593128258,8.12445216952498,-1.00520108557779,-0.53844367858405,0.0564386944212578,-0.586192677330811,-1.18012506647257,-0.944256077864517,0.584166840163127,-0.896984499511516,-0.512562433740501,-0.307226835201754,-0.38642331792211,-0.423110399849824,-0.384169074826673,0.720696905642843,-0.872138706195671,0.988671198843591,1.38423267900953,-1.64806757319276,0.711194919115176
"MEE_EN_F_07",-2.7062020544634,0.167434347618453,0.119437946097594,-2.51407728272991,0.15314299424921,4.00435952534309,5.86048880008099,2.36689977621059,0.34951383419421,3.62518071934016,7.04456230257518,-1.05429603494543,0.971492711031339,-0.33514163882846,0.282217771663744,-0.648938995182846,0.250168812400775,-0.0307937558548838,0.569345291312448,1.21396915690324,0.233870199450589,1.83956897470745,0.753013657289747,1.23933412851958,-0.270055817533522,0.936519214504334,-0.452772854833066,-1.45006165996514,1.37182368437471,-0.963976937953735
"TRE_EN_F_01",-5.07278332588752,-4.71284241098221,-2.21603248024683,1.13355542593975,-0.295501159211633,-1.54755107277117,0.18831642783747,-1.73330153511805,-0.550660298583644,2.57154655188516,-1.1350723034396,-1.94092001563211,-3.03035388770168,-2.04971878935593,1.1416004087992,2.18748898497344,0.113166346078513,1.72683239648895,0.352649746708805,1.69785444468325,1.31625619486777,1.4034098845613,0.454274911060055,2.09696039345153,1.76340023595487,1.61698081288026,-1.09692170160346,-1.62601918944304,0.80856209046872,0.956274589299025
"TRE_EN_F_02",-5.14049827426212,-4.5208045252292,-2.34091595761916,1.34854266931803,-0.120176728597886,-1.19542072594757,-0.16461905874805,-1.47732791566231,-0.552770030078074,2.36500826124537,-0.809645480066628,-1.70534286842927,-3.36439269578361,-2.34689605831568,0.736498432296819,1.19141506882771,0.334393660978162,0.536226343737149,-0.427732003031206,0.249881624745873,0.951760643057798,0.472335999522653,-0.569059764604219,0.909291601765461,0.195026624572442,-0.909287499055805,0.744713127809112,0.988521294350935,-0.0292184354147666,2.20786352056356
"TRE_EN_F_04",-4.16580358328384,-3.76710144802944,-1.68880792707248,0.949165987485349,-0.201952647354139,-0.831919484574868,0.0299159230126483,-1.27340791569894,-0.124007225489659,0.60503036605213,-0.208051370601145,0.0976685062913134,-0.454228355938738,0.092072379698435,0.508351529146772,0.161224722648533,0.10803342311365,-0.576883949163637,-0.149186051207582,1.06029302770499,0.366652592885117,1.57425287580371,-0.0324469405862274,-0.0506307271694372,1.17048708086714,0.579204280589148,-0.519848598833962,0.253416503575301,0.634918032284066,1.31193828142486
"TRE_EN_F_05",-5.48977700155823,-4.8670583969808,-2.3679582927698,1.01807223561306,-0.231156428653963,-1.77116990035679,-0.368265684805169,-1.95686605932544,-0.404726409430803,3.21908314291032,-1.14844422584997,-3.69732819049853,-4.78324019662012,-0.276473246295073,0.93260424553158,-0.0358470546783767,-0.225251735801495,-1.18872574571228,0.452546911836075,-0.216690844532372,-2.05020422133278,-1.8285645050732,0.256294331715038,-1.00606062143218,0.087633966333189,-0.233701742297573,1.79228325295112,1.67166082106645,0.470338214772501,-4.50133076901768
"TRE_EN_F_06",-4.62181494226964,-4.04783220579105,-1.97532607961886,0.830548031784699,-0.167593643623134,-0.862502948006654,0.0827503464727959,-1.80304661905858,-0.474977833680819,2.4372151218924,-0.592530996775973,-0.891104005263328,-3.11677936500264,-2.09421101902617,1.07598080120828,0.968172018465144,0.87923523192404,0.540862088165329,0.203373873390993,0.898013010846768,1.43079765052391,-0.0302988414963289,0.0308030653228506,1.21484133640686,0.453431546019574,0.278373872760603,0.446307339730802,0.473804498532152,-1.64228004204814,1.73038780900124
"TRQ_EN_F_01",-5.0847651964117,-3.75767912390862,-1.87361118042306,0.514689981611007,0.0638023498709962,0.0822420712456833,2.50061212851897,-6.06814945336417,0.349390076388412,-2.88203282245447,0.618333535367642,-1.38431259031595,1.89064549770252,1.6891088178541,-0.533120921543613,-0.8892819182184,-0.779674149804232,0.72954292531128,0.201633190142011,1.24631529565581,-1.14597002419075,-1.09427107099086,-0.679207075365336,1.63919629113353,1.99449528027413,-0.372594719021264,0.713702643043328,-2.90376107650769,1.02343948870795,-3.47486674633153
"TRQ_EN_F_04",-3.99490991317281,-3.19421475357208,-1.43059018163591,0.596599611111849,-0.0894953696893126,0.0420547718745776,2.26279801045884,-4.89988590164294,0.341516370050208,-2.01889257270632,0.296553353865137,-1.03877612444294,-0.120743440433109,0.847984382871407,-0.704839786417059,-0.178965257568586,-0.530996414802657,-0.14181803157429,0.528305199906266,1.02966904169765,0.678410202587165,0.162707402245195,-0.73058770345907,-0.85266557799928,-0.950639074812747,0.189526380722045,-0.565526252122532,0.865045731233521,-0.176722345152151,0.240663251423977
"TRQ_EN_F_05",-4.7773580965873,-3.79976964002857,-1.84953981979656,0.368401702933548,-0.055180846697957,-0.510281918193145,2.19367690222625,-6.61047082255671,0.377843976086421,-3.62685491880153,1.04564997077094,-1.13208403208808,1.03717562434036,0.522768395039921,-0.792923701554585,-0.150261154539028,0.814927833928359,2.14989089365641,0.620538779393114,1.56841372644729,0.62992917737474,3.02526211588722,0.896310292992177,-1.08286387780273,-2.04147725025879,-1.34734904619884,1.25998130254468,2.41590369354083,-1.71873296810164,2.52362694384633
"TRQ_EN_F_06",-4.43674529497069,-3.99099552763681,-1.81084298665062,0.56697101670953,-0.0287219841606774,0.169919523429048,2.17092046934171,-5.24207954805539,0.162622209986752,-2.18680593560975,0.673359966565735,-0.981521129257907,0.973440119805435,0.0182146076953276,0.0393950346520253,0.278044792643837,-0.405078049235237,-1.17820290782301,-0.107402518183882,-0.159051988858767,-0.486191526843374,-1.89678921121674,-0.167289739465518,0.266818322849871,0.0402502690192758,0.820435313903506,0.273530180115514,-0.12725340813931,0.159192327380414,-1.06706109730738
"REN_EN_H_01",-3.1829975316482,3.83266970329583,1.56045427824654,-11.0989924292928,-0.300197033063808,-1.64563029291354,-0.702465668042505,0.0678109093885998,-0.0875771555148359,-0.335302270424587,-0.600219482612232,-0.312698646692416,0.968759686687905,0.332134644387598,-0.485800346661843,0.0701469383661754,2.40806004589544,-0.476496813582465,-2.59572977870833,-1.30833496310282,2.97239005324779,0.44278105688561,0.629474080798999,0.862011408551169,1.68136359905817,0.142450714896358,-0.307126976179674,2.04742176906244,-0.935667404727874,-0.970786039886233
"REN_EN_H_03",-3.22184971553298,3.54874688178769,1.17460953742119,-9.58662439326119,-0.36162105605486,-0.418883319749097,-0.506180482105022,0.512613195536764,0.0986314483399725,0.146105590508295,-0.297668074225892,0.570771271626858,-0.352676748685297,-0.557032242547467,0.223731067839401,-0.432353612762717,-3.2393280279339,-1.36375350378099,3.94224106883876,1.50988454706949,2.35940206162796,-1.43876415656739,-0.760081806898463,-0.377026976327244,0.749724097471927,-0.344346304964132,-0.36829590420226,0.0909282573596584,1.26516872523621,-0.357297648547201
"REN_EN_H_05",-3.58203760480105,3.94380110138725,1.56263757220143,-10.9419972359205,-0.183873044285665,-1.45774207090139,-0.768219614083183,0.0682694747912051,-0.0437910016509163,0.210806116428518,-0.513138361794142,-0.439228055649546,-0.747533884175241,-0.00183297398243067,0.808322904002237,-0.405156098712575,-1.70415452266971,-0.0571920915284721,1.35818451628097,-1.12762041976188,-1.30891448864966,0.380935597264365,-0.175041667152963,-0.350147293002006,0.331252913255673,0.833848327737927,0.372264784350896,-0.952635242118147,-0.797612577151114,0.327856192112853
"MAL_EN_M_01",12.0270727187905,1.58561165093722,-5.06487096995671,0.408324166151299,0.0991636334497092,-0.23637991112794,-0.0155807397030347,0.172762801809417,2.43012545704843,0.236788641670423,0.103918992103669,0.0168981841565864,-0.10318344917568,-0.698631450671796,0.0928007859964092,0.11950149540498,-0.503937401202921,-0.491138537920752,-0.965726213523498,0.380069585625875,0.979727274243312,-0.0844497418702275,-0.121117719884578,-4.08486581627439,3.04409694215508,-1.30173619234521,1.73384993707736,-2.23705648485315,1.65971798964757,1.55762620534283
"MAL_EN_M_02",12.0948492907804,1.79687073504635,-5.11381001558493,0.128764773246912,0.18272357733777,-0.304357615131511,-0.198258413294247,-0.169515194783494,2.34276530491972,0.414125451887387,-0.192784857081784,-0.305802685439467,0.611663013019852,0.470591065271811,-1.46767741199272,2.1752373396711,-2.08608639748995,-1.73090014253794,-1.71344100714849,0.0759722845508386,-0.253079631531127,1.17655964534102,-0.181732724277519,2.12488479306589,-1.96111403368021,4.22436679459403,1.13741700555505,-1.59693401742775,-1.01678993676695,1.01454416934849
"MAL_EN_M_03",11.679447100281,1.55159394705922,-4.84611454495723,0.229341698597232,-0.13958774221896,-0.260528553124282,-0.0818135067133015,-0.056084849278795,2.55430462434992,0.192665570777814,0.0997159843367127,-0.0778075957764618,0.19686835336925,-0.438208351937167,1.35313261087687,0.303065340347258,-0.559905649686004,-0.109823322111056,-1.01260792805698,0.559104190323649,0.639873458834254,0.3562026424939,-0.352899297317796,-4.12973058159791,2.83258697392135,-1.42848501299906,-0.019194552095407,-1.335876183001,1.22512612594176,1.48678414042825
"MAL_EN_M_04",12.608816307312,1.99936893440275,-5.19890949666213,0.176534728298817,-0.144617005565784,-0.223682915369733,-0.00913970919380473,-0.192094578253909,3.25484164276564,0.41789025149109,-0.30603612021926,-0.033519087678462,1.00792314076043,0.566321451892733,2.15210961284219,0.749112681761481,-0.752662866350936,-0.634609810481508,-0.594921272282613,-0.642485988309504,0.000278273373113954,0.961302227790905,-0.127589427622162,2.28702997317741,-2.41229464473368,1.5978713740945,1.85502011674644,-0.249048043388315,-0.740255186434643,-0.0670701006694458
"MAL_EN_M_05",12.4859727125974,1.77741600170216,-5.43736496366705,0.170141163211464,-0.208592972793859,-0.356996775088205,-0.346798790562999,-0.421903328832227,4.20204096017475,0.325351499980458,-0.185630521806271,0.0175185735898537,0.620312256990884,0.426848831741663,3.6844410882455,-0.736527216102633,0.805303352483198,1.0943990657923,0.113289081311908,0.293190256462062,-0.226756524990201,-0.598547116438638,-0.155942400617993,1.36984605901516,-1.06738376641764,-0.240948658592433,-0.959910937846722,1.12621720625083,-0.309419262291827,-0.440570804946488
"MAL_EN_M_06",12.4733502085733,1.77615952107798,-5.20975582949147,0.162376497966547,-0.0586484702708328,-0.199736727838089,-0.0414902103852434,-0.274121164907889,3.92024749736551,0.159593805249241,-0.0782001044459494,0.095024410373833,0.559810710058607,0.157615485658683,3.56476930776019,-0.943497364374908,0.40750095436877,0.924324854171118,0.214291678263463,0.444223595734071,0.0143483516424916,-0.938575219327417,0.335697042349771,-0.718131636248344,0.222065118242766,-1.20255644207665,-0.984674021538617,1.26459006289087,0.467396950119429,-0.609904358275846
"MAL_EN_M_07",12.3484547183396,1.88644236301741,-5.06896630963973,0.207309270707696,-0.112185975338888,-0.215174031836048,-0.00746865830979397,-0.149086764619153,4.1981406407596,0.337687981944717,-0.290603517109094,0.0816934997586054,0.671078482708066,0.0224465938404544,3.93567608729583,-1.1520242037616,1.10766511530454,0.73520866647227,0.45934368316176,-0.0218496713249876,-0.0869892008430323,-1.01792756728302,-0.269083813932765,0.976454841171317,-0.681647580155828,-0.171691903775409,-0.062474352580319,1.02220860660997,0.103206177051829,-0.58830834387361
"SLV_EN_M_05",10.7542280159178,1.27869666034398,-4.34323156805507,0.369981262747852,-0.152297999736863,-0.138678479119483,0.0974915852271531,-0.126522738395831,-0.659641486865058,0.402596113255902,-0.492950208524888,0.154896504419779,-0.584987464272373,-0.327538495810059,-3.65935654754492,-2.88977221441872,3.23534539992775,1.46493676539201,3.16184826323108,-1.49931105569934,1.64893735884196,-0.199919382362185,-0.68409547940346,-0.395619762576756,-0.969299901652049,2.52156568819312,2.91142482030188,-2.07598696041184,0.124215844435356,0.0369204088752098
"SLV_EN_M_06",10.3814130658246,1.41551645320477,-4.26047181288677,0.0218929796454371,-0.361039472169386,-0.0881420337531581,-0.0462991657110396,-0.192493872007128,-1.07287902823819,-0.0665199460823185,-0.0431438491854579,0.320732476590944,-1.20452615462707,-1.16342715566412,-2.32043775241517,-4.20898634080607,4.22877936794119,2.57519706918173,3.64914505087237,-1.54081390367752,0.538649652085431,-1.03454313583788,0.823812892916876,0.195754270387137,0.161041356582697,-0.0315647979085364,-1.06861963472017,-0.659277574439145,-0.385492043668769,-0.139841700680883
"SNM_EN_M_01",11.6824527318659,1.56799785093728,-4.6475720235248,0.319615250884764,-0.140409570368594,-0.165402634558443,-0.247606248911523,0.14134319415397,1.16154899524911,0.295230833926108,-0.277259751537813,-0.477782640212081,-0.689117131827333,-0.290405576171981,-3.59182212306904,0.911001033071825,-1.18598462032613,-0.671043081639232,0.328127075582025,0.496951227637813,-1.44260894794616,0.0463144894128596,0.630831831877992,0.714470596431567,-0.529268531156971,-0.62934449940154,-1.97029806700173,0.44240797822852,-0.491267277962041,-1.10902183512353
"SNM_EN_M_02",12.2965206660143,1.37797448053959,-5.00719912652909,0.200132345822311,-0.0400781074035098,-0.15483968131981,-0.380663286170683,0.369576964164293,1.14802989475156,-0.111507362111348,-0.204759956518797,-0.243892662461821,-0.922002732923028,0.237654809630726,-5.33573652868954,2.23516478421078,-1.56179586693292,-0.731946840923752,-1.0813644262748,-0.0188021946972981,-0.413425594038803,0.720530944448159,-0.223314408333351,0.648012076375702,1.86353558670825,-1.68983994626185,-0.950382099331902,1.46593232208053,-0.0198419471417635,0.320776141224693
"SNM_EN_M_04",12.1367843743532,1.6167345439508,-4.89070613184797,0.340350128831467,-0.213410235616724,-0.20379893181839,-0.148214667937731,0.00694921417886111,2.1826626766404,0.270218920359948,-0.349995042049465,-0.0226326250522261,-1.02456501385994,-0.213878243449029,-4.48933290207189,1.65762926578723,-0.636602793387916,-0.992457399040217,-0.415106214103741,-0.340834139896183,-0.0200291750806128,0.587643790736743,0.197048605309738,0.132408625410688,0.579117933571885,-0.189580054073346,1.52252484034572,-0.0079630408275744,-0.38629304935549,-0.789743152044334
"TES_EN_M_03",11.7466059047728,1.87927152428059,-4.9059570295747,0.0295482736449584,-0.0173092154009077,0.0822660924811151,0.22582596639517,0.120257161386183,-3.3165705539928,-0.287325394097621,0.449274177122178,0.317647583393217,-0.322978375364349,0.337240943019871,-0.129031335017485,0.124202910971354,-0.39415794548364,-0.9010249684932,0.742707366386432,0.461868001272536,-1.73479067827934,0.0289814007715707,0.11158572339768,2.0844400902813,-1.26985073851047,-1.49960405202248,-3.54102512430827,1.87815118642921,-0.202947313424513,-0.664623356988471
"TES_EN_M_04",9.81800131075349,1.63875051271862,-3.72843636112228,0.030535208743499,-0.166900007776336,0.143399898068928,0.338011586497317,0.201956222012224,-5.03761612836815,-0.398134057123372,-0.0391732932835138,-0.10247561179703,-0.199159022571041,0.500380817827566,1.44544321034671,0.693405798910121,-0.297341321873973,-0.194365143654838,-0.572739231761222,0.116218459184938,0.774998183254708,-0.597271694592539,0.0357208284738271,0.871072354244057,-0.484410487917035,0.711270102837703,0.103235765814319,0.735387596941233,0.401349749608365,-0.875507361547859
"TES_EN_M_05",12.3119567118095,1.85963667216143,-5.1372425605448,0.213064069423632,-0.256771226194864,0.272456299697561,0.27947446881242,0.316811163537498,-7.58390084053347,-0.822713041491747,0.345874414692571,-0.0590004375448155,0.918757968588235,0.657296806131485,2.73514326749467,0.593035476798439,-0.557628155074175,-0.0503782074592852,-1.32683511277437,0.211719988676457,0.738913237108462,0.135121154272243,-0.108327449747694,-1.03659644141912,-0.214306836861588,1.41913525914373,2.28681114474927,-0.963811596614276,-0.0862886733124408,0.442911512974678
"TES_EN_M_06",11.0975712881332,1.5819255726073,-4.5258383862593,0.0400469139541423,-0.146080294896141,0.0870563701360938,0.358678652096208,0.17764185351646,-7.34905201476937,-0.937801576835707,0.358879798576832,0.000124946831691995,0.431802294288145,-0.0188626706499884,1.45342854127447,0.575924366806189,-0.921649413079628,-0.141765177418742,-1.02380464871855,0.136488019168127,-0.0180219342023904,0.145745938122153,0.220983379166554,-0.756546978361405,0.263152113413517,0.129258365302215,1.03924550890269,-0.852066980996571,-0.164612494364873,0.436344909385075
"TES_EN_M_07",11.6451394830039,1.66778072442605,-4.86901750005253,0.070995094821014,0.0437018551921213,-0.0110645821239902,0.120100289982258,-0.0181307586694689,-4.43903896264238,-0.302011192132692,0.626161571801854,0.00409204233222321,-0.129104053045668,-0.417525405338402,-0.188609664868108,-0.772011550278009,0.411800283415527,0.33393986351208,0.554611353091613,0.302752696439179,-0.956681228681213,0.000402389228817036,-0.255001937999786,-0.33198786023233,0.850309780632547,-2.20491035601525,-2.72527665057217,1.78419587392861,0.0471389894177266,-0.44398184872523
"DRY_EN_N_02",6.70871981139593,-2.93116137257143,10.6137967892187,1.54034617644168,-6.84151175910069,-0.020563762000557,-0.309740140000847,0.072247694465882,0.0780785107020853,0.0848555988430385,-0.145155773400354,0.375842243389104,0.0391395170835273,0.0256138195039369,0.555161027063338,0.254568144586011,-0.0836552596092262,-0.160177137750907,-0.406329783959909,-0.256801338232664,-0.664948744955472,0.309403037338902,-2.09133993585787,-0.889907435734709,0.574047668952551,-1.87592683576777,0.930264230751107,-0.0821286325868337,-1.71740386835994,-1.30471277445478
"DRY_EN_N_03",6.9201263085864,-2.91292251768865,10.9090755200124,1.4448120177518,-6.54643848846587,-0.0506009659667045,-0.151232620597456,0.141475410174065,-0.309441560281696,0.0120332791742966,-0.210823985461631,0.188766153348732,0.366487040191743,0.321402545633882,0.190967192532833,-0.285190660646548,0.00728753009341968,0.156559383389799,-0.400534229267255,0.035684337897505,-0.602001128728694,0.581083541753858,-2.45868817441699,-0.590275850558849,0.418147646665659,-1.15335553508989,0.641204445565351,-0.820547702395704,-1.63636508234025,-1.72978790750371
"DRY_EN_N_04",6.5842474347528,-2.86592948047254,10.2843033927283,1.3302915113812,-6.33865199370982,-0.00776349123103865,-0.0433842570734178,0.0155925267604589,-0.151922522250469,0.0591501261852248,-0.11714447567569,-0.408231168214248,-0.27885555342197,-0.250512850642002,0.020304110881976,-0.283163003297881,0.14294217882594,0.0471747527533596,0.417576074070054,0.0144312308313372,0.431617596284814,0.11313328988084,-1.11216936096972,0.54399946472033,0.0368749430205391,0.919241982394976,0.0183586491129005,-0.0665624280429932,0.890363991044879,1.19842055755373
"DRY_EN_N_05",5.35593614174801,-2.6281111848762,8.71797248181963,1.03383186635267,-5.93602753231201,-0.0657057945171728,0.0887125763216897,-0.150907925970224,0.0890248140346732,0.0658218254487033,0.049329228003423,-0.0142250004697544,0.0285840535397859,0.100576704213746,-0.53828019991972,-0.375789986949211,0.365296774243544,-0.126832442123696,-0.501488889477622,-0.446185291329527,-0.51153764747765,0.32261344083885,-3.01636320534389,1.66657476392946,-0.129336423009851,0.471976642506094,0.385777303448568,-0.547168511846863,-1.00477527590133,0.857531833860454
"DRY_EN_N_06",6.73228902140933,-2.97539394246367,10.677779577793,1.41802608255502,-7.1019270581218,-0.039424041795804,-0.115326493702669,-0.130977246082491,0.181307946095481,-0.159741493101985,-0.0324464124670426,0.0230860061956458,0.0431695498049477,0.121927062113187,0.293829455135764,0.165623806555725,0.175067388993415,0.471807119428157,0.175385451265253,-0.171941546400315,-0.33241440210375,0.980430129971556,-1.74090060652167,0.706275882836357,0.24174927018865,-0.208490019604964,-0.712083288121302,0.373598318551194,0.396257321286389,0.0350584169045542
"DRY_EN_N_07",6.67002954851508,-2.86546740305322,10.1849754919843,1.45946154291132,-6.39594682470266,-0.148438415011927,-0.013839796186223,-0.0316165059923466,0.196587484334262,0.119089990006942,-0.00588618834998718,-0.0870446934339971,-0.0664962639554938,0.00535788415946465,-0.0155014376024149,-0.0804166813681573,0.207743591880971,0.0354385710685431,0.300432685437919,-0.24020008717997,1.03156069594589,-0.548460997599649,2.00463629323274,-0.32148833228763,-0.01073979351798,1.531143758988,-1.96024858436482,1.34490448450339,2.90967902273847,2.28554647967738
"MAL_EN_N_05",6.36414528544562,-2.7947628784902,9.62354046048962,1.15689781000383,-5.73722197518643,-0.165553713757125,-0.160826130733228,0.167381939130148,0.270424940541789,-0.370572667703659,0.437536472502489,-0.0684922958046884,0.123335268724578,-0.623911676108113,-0.438654180989805,0.716723697829634,-1.00118996753206,-0.540627681537208,0.231362096572372,1.23940493391516,0.44014902705634,-2.08041248752237,8.91905481430029,-0.904434148941599,-1.30140222529081,0.512464526220322,0.797241422510264,-0.259048784797946,0.232180119464678,-1.17188713267688
"TES_EN_N_01",5.77700282899491,-3.06685619865322,8.79282860490818,0.620308574457966,8.48449313176048,-0.235829532362583,0.182147223964699,0.270301972528714,-0.16933493925607,0.0442537372606606,-0.28560664910649,-0.0324337240388469,0.178328055638078,0.133411724808047,-0.335967092779907,-0.541493022690335,-0.19154010381117,-0.767779660616622,0.423283765436776,-0.618013818254353,0.525207511634752,1.37049928881336,-0.531078209284749,0.874497812159551,-2.10975651946164,-1.51994635089016,2.53058762016489,2.01645570021651,4.74961591496927,-4.45690957383333e-05
"TES_EN_N_02",6.13479120487356,-3.06119802536377,9.20812184743622,0.602354888877285,9.12355709209967,-0.441872990036854,-0.061536813361832,0.34756903423437,0.226906775743946,0.0991829669671693,-0.207529606904266,-0.0351888353467147,-0.250061925704711,-0.38986663078272,0.285845312315435,-0.425785265946073,0.589064171907223,0.273660958495702,-0.0338553025402616,0.54650186224163,0.180644526830486,-0.471085435176939,0.211040312729891,-0.783465133088905,1.61340202668225,1.05945843522019,-0.94934697738018,-0.863007157238362,-1.44063186556641,0.469723728440121
"TES_EN_N_03",5.48909997782458,-2.76125213899035,8.20839021256584,0.534229982502288,7.84334585497472,-0.262108362238367,-0.0743426848132256,-0.0577543000570218,0.132495861552861,-0.243220227388273,0.0242542942898211,-0.428689859508604,0.634079196942385,0.0265605838882385,0.143169564701102,0.385574100609969,-0.578516330793657,-0.0113610840708275,-0.25005304807518,0.614383221462621,-0.122178656096022,-0.991553573041847,0.163804879973253,-0.0710520970912974,0.454091074739014,1.19025750692304,-0.732860353162795,-1.48043899753384,-2.38199935634045,-0.395892083398759
"TES_EN_N_05",5.40697642463991,-3.02915889601125,8.43423924470785,0.606449779551134,8.23078819469121,-0.558485340972234,0.0067630337550918,0.28100314290891,-0.268929647752919,-0.0930643370468378,-0.13752437524474,-0.0173582445323628,-0.0146793418038251,0.00752377350600803,-0.34447263464053,-0.146262343197041,0.101528910649544,-0.970455412934341,-0.00883639999339782,-0.944046530532873,0.152970806303867,0.813794710500621,-0.922527660129519,1.29041689358839,-1.03074586821873,-1.16891125507556,1.55128236935523,1.28283301509034,4.09184941343622,0.436884501514628
"TES_EN_N_06",6.28495697581191,-3.00618529308035,8.70771057815857,0.633450989953958,8.03745161112218,-0.541338380748143,-0.0954672322913433,0.19864544354966,-0.213369337827441,-0.158863691131904,-0.0368784572591346,0.171576351691227,-0.284028870253224,-0.657128896856244,-0.215549234845128,0.533061446200715,-0.423880956888643,1.09824462823163,-0.416574931497398,0.272947005663816,-0.136207103988438,-0.596710712849786,0.431214807527109,-0.585668265196708,-0.189133603288517,0.268236769369517,-1.02603373644642,-0.36092776530295,-2.19621923910579,-0.743780293614655
"TES_EN_N_07",6.20311466143854,-3.06485034022755,8.86743982148933,0.606325734870638,8.78833659712401,-0.548888266262218,0.0651775823381888,-0.248361007454609,0.307128017912021,0.0573056380900134,-0.0710731980324253,-0.0667160947676327,-0.284015832033166,0.636691408479876,0.61939692938344,0.0808021648735359,0.561842877739986,0.56895669489229,0.0806199878550365,0.199165108938916,-0.659847475329411,-0.0558535016973205,0.199482643085028,-0.729225682154423,0.95010348974151,0.179208868175359,-1.39209025844638,-0.584105801227352,-2.74149869666669,0.0365614760353661
"ABQ_EN_S_07",-5.5293900450102,8.60228896982352,1.25653055756671,4.01396709204287,0.157107413643621,-0.827117727794199,0.0785331874496792,-0.0124258303655843,0.0213956747619672,-0.273421842179442,-0.0506460384440948,-0.262037218136821,0.077892380485241,-0.308627067868073,-0.273392049113874,0.410800004642909,-0.192348077254559,-0.420802156215793,0.070072203018811,-0.474865462864016,-0.455987979635326,-0.701800129149964,-0.281728391939985,-0.35495331396367,1.26936079673651,1.30722472548601,-0.284061899076973,0.909799055151302,0.510027409534385,0.505940044716333
"BOU_EN_S_01",-5.81913227847321,9.47802522326812,1.48977321996158,3.98329994954272,0.177815479642599,-1.16288417478845,0.290026842725993,-0.0157601956926338,-0.0205723575106369,-0.170336474993253,0.17361631352139,0.105241149045821,-0.553706852484419,0.344387173391584,0.229349573995035,0.451285590623364,0.529655991775396,-0.00408188152471649,-0.394080309327625,-0.55401699005156,0.0718729071506014,-0.368284256516441,-0.200049346999763,-0.536794406718481,0.0202975262778858,-0.0250718219877197,0.680113864255485,1.07691027007351,-0.0712233714803651,0.169866158443788
"LOG_EN_S_03",-5.44748671588508,8.90464999950254,1.32553588717412,4.03401103098864,0.0857897249139591,-0.614943677152329,0.155267377799661,0.164925619672992,-0.00348903718287092,-0.0476097495797463,-0.382886002239694,-0.138660738074477,-0.2464317043588,-0.31307041010967,-0.00713332499422145,-0.400003872327133,-0.0426447184623732,0.0979018060301384,0.110371252233791,-0.192280716148991,1.33210857481695,0.603815550564644,0.348616453013298,0.709500950455349,-1.69442088921203,-2.16976530701186,-0.76860886099479,-1.81451944425702,-0.303451280262648,0.0935182126635278
"MOB_EN_S_02",-3.3761828120501,0.932026708193214,-0.142071603289596,0.266706107424997,0.302143574546947,6.76388912943975,-4.72722760406303,-0.836625588497521,0.112295597921422,0.0520347733544372,0.0617748004973662,-0.746471718001578,-0.841200002962817,-0.05736054695228,-0.0258832979989925,-0.357205762774918,-0.241476668320925,-1.79293967695797,-0.212051624252576,-0.343011388886132,-0.62323475367506,-0.188818966938946,0.437705224145357,0.022457632922046,0.324217024170032,-2.11305889156464,1.16058498500427,0.522993782089347,-0.895286588289003,-0.0502929294110028
"MOB_EN_S_04",-4.0508198578508,0.972087307389471,-0.15950399443622,0.298619946405199,0.370945611176925,9.70246218747553,-6.46761295002491,-1.17902739231389,0.0678289352051546,0.0898477094021269,0.354269777098511,0.0157797368239253,0.29147852250809,0.184460090529646,-0.00263566987872069,0.221435881801441,0.244542679617471,1.18977980495035,-0.136567400855169,-0.0195468793738576,0.616107896698719,-0.259734401709845,-0.28181954776645,-0.0607044608619057,-0.162830795785961,0.804537551614769,0.0187560831334215,-0.523882059786493,1.15885390953722,0.0924552035324829
"MOB_EN_S_05",-4.01760679885767,0.919523167756651,-0.248843986958199,0.427459803943377,0.425166495516451,9.58143208307216,-6.94275809508306,-1.43286335619324,0.0577724644797302,0.395028709216033,0.166741703489027,-0.600442115357258,0.614293468428096,0.125786496268088,0.0843630834199194,-0.553392217048229,-0.100182354594421,0.716680001484251,-0.292765034515247,-0.29730438978713,0.216243626394809,0.123489678305765,-0.272162818440986,-0.405233077432977,0.135427120636456,1.74086375365119,-0.837732657939338,-0.371185316815035,0.318421513586892,-0.70636017928096
"MOB_EN_S_06",-3.12188477617179,1.10690390529818,-0.151424012696093,0.474968552975479,0.448757351094934,6.63203861993894,-4.48228945499998,-0.708013036782323,-0.24862298666784,0.0983450308504565,0.159404255947257,-0.310447153577224,-0.0729070387694062,-0.395435729174424,-0.134367364145793,0.541209611574864,0.403884676104729,-0.747971355112888,0.167784879762307,1.06286167670627,-0.14260059568609,0.76677421168506,0.306530726344758,0.32245941945665,-0.355592479907418,-0.961233305537131,-0.138067075207372,1.2410853975088,-1.20072733590418,0.797142503613299
"REN_EN_S_01",-3.2834427229237,3.45963761371529,1.49472070362957,-9.57771112882443,-0.367894996058671,-0.808786374179108,-0.330662823882814,-0.514770931883904,0.0661683414479928,-0.144062193803065,-0.577411719883143,0.16731794181124,-0.0431913003954814,0.0503990508696581,0.77637809578249,0.86631617348738,0.897092291614007,1.43202538655088,-0.828292686328132,-2.0030887719206,-0.146834946000311,5.54509916856088,2.31166506867537,-0.0855881269538536,0.566493074133744,-2.11257217182493,0.707121808246936,-1.38875353845045,0.738641038385884,-2.23276317456651
"REN_EN_S_02",-3.07097088771184,3.25552477372987,1.46626528701386,-10.5910888768004,-0.159615588482515,-1.20005753558171,-0.457527745581176,-0.324795541122158,0.152447453147109,-0.189821097855351,-0.24619190494942,-0.0803644292631714,0.334317557462717,0.209836012338189,0.391104768270698,0.140845703769172,-0.708316952175166,0.884008343000081,0.19620240517823,-1.00569749856545,0.226429554452771,-0.496459021025894,0.05851079217438,0.46195139311695,-0.095938757798064,1.44269045315918,0.456609480276201,1.28971936899992,-1.49286977101837,0.0855486230728128
"REN_EN_S_03",-3.51551145354114,3.39628718135322,0.894276047287486,-8.76539241497006,-0.251767927505276,-0.730231089574959,-0.352279760259338,-0.0493900747502583,-0.0329189486976198,-0.459954932893539,0.311164346168025,0.421266336386486,-0.721685034236788,-0.249835111954453,-1.12089388465801,-0.506139908103903,3.63739885618858,-1.23552984984566,-3.06809374846682,5.24223391735117,-3.91889891761642,-2.98604161741867,-0.888854282941959,-0.0161348041849357,-2.08036060210704,-0.946531250115063,-0.482913889763326,-2.79166409099521,2.44528959099884,2.09029862230242
"REN_EN_S_04",-3.39344251551319,4.00848381076186,1.46872724935226,-10.9592946736859,-0.451608476872504,-1.76693028967322,-0.646350056957469,0.0613605763925405,0.0450231332677515,-0.103199952227901,-0.156346515851131,0.312604544570969,1.38615091094216,0.653237621021847,-0.943959983661014,0.413218379800488,3.19396535132833,-0.444064003736933,-3.29167469982225,1.07776902577394,3.21848917729293,-1.74390379893158,-0.226183670698317,1.3621660327849,1.5526186172304,0.454020301784333,-0.221883621687796,1.71441118670818,-0.22842671483943,-0.874147628298939
"REN_EN_S_05",-3.31956623738245,3.63457296427641,1.12033456985525,-10.4097077145653,-0.472722723843439,-1.03408202430925,-0.461596807326484,-0.272453214037691,-0.0133316885387216,-0.298205591589411,-0.68283940238397,-0.413474096955209,-1.23916161478939,-0.668997974505288,0.0477425400834791,0.404998439490379,-0.973156575481242,3.42249136384337,0.167750787906324,-2.24544640888524,-5.98639083812192,1.32469242648738,0.0934822905330404,-2.39084854265829,-1.85892074451958,1.40599177437938,0.0123271895877498,0.0801380873553823,0.556051764348342,0.954418279287498
"RGG_EN_S_01",-5.65851487033043,9.56257754784248,1.35065988363345,4.27487189256767,0.181999282685507,-0.879357519405026,0.250572299995497,0.00634093049897668,-0.153953019877517,0.280622566924077,0.123320113211859,-0.205850560426941,-0.26428877906533,0.182638769848702,0.0418588757406174,0.106360679433528,0.292529419982699,0.0594545746132528,-0.303564416616917,-0.715756765518143,0.49687541442535,0.0477180434716367,0.235964003823832,0.899091200451613,0.0256297337795034,-0.480192362297352,-1.05772406666519,-1.1416526409368,-0.0937423930159079,-0.0770162685308983
"RGG_EN_S_04",-5.44728610475072,8.52918026057591,1.44797513635188,3.86375873020359,0.109019433255313,-1.01769065442595,0.104583722935756,-0.269812877568751,0.0491360333270865,-0.12499527767206,-0.0437747347468037,-0.146988991592599,-0.239553841020689,-0.0619065678148421,0.158424878256341,0.2893160045347,0.26812585901924,-0.107709188340547,-0.0786486731179112,-0.235625809501185,0.580223833503796,0.186560858435717,0.486634073439572,1.25545095361325,-1.2346272504906,-2.312920105311,-0.69018207783656,-2.4445033239733,-0.259990342240317,0.445611944600216
"RGG_EN_S_05",-6.01263631692377,10.008657828241,1.41110586155139,4.69979846406547,0.238666687017431,-1.03898024362357,0.188942130653928,-0.33694742253783,-0.155665393443413,0.0804509806742755,-0.363239196091897,-0.427686670776677,-0.169602893577219,-0.279720934729767,0.401175534048,0.483716442707795,0.202951538973881,0.331568808870178,0.0419651971893288,-0.256088851371406,-0.0361357270522486,0.433742221323652,0.201242701096345,1.01325690481203,-0.73630923988026,-1.24384572834773,-0.191014923478321,-1.79514597852782,-0.568992131065107,0.310171030490208
"RGG_EN_S_07",-5.91029084774557,9.85031169261206,1.31634822660062,4.40293095588964,0.0743202862293612,-1.30553102139552,0.393517131370019,0.221789880617799,0.0766753783784214,-0.0788494360811407,-0.149426204896022,-0.170092811644263,-0.0521949904670699,-0.161651643222022,0.186624425536059,0.0984972466342664,0.181446922456145,-0.090396691812597,-0.194465173969507,-0.148522521100269,0.129629247328509,-0.0265051141150551,0.0855476014127928,0.437209708553499,-1.0092146652962,-1.14189266610143,-0.230579057424378,-1.54692741896474,-0.638817878393745,0.380888633767527
"TES_EN_S_01",-5.83385476127895,9.17252626640392,1.48166941883759,4.00716044965597,0.135298005682396,-0.878233184474659,0.273142248171764,0.406776813250678,0.0680987476007766,0.207528716422119,0.0568571289418254,0.210886419072578,0.346667782356851,0.13497994683899,0.00872177445303446,-0.2005655996288,-0.577687730998971,0.0239121843474516,0.928437064439943,0.401355972939646,-0.986274342753709,-0.492203444097022,-0.000832389110603217,-0.550810415599755,1.44239868441441,1.61102837965325,0.324117786824338,0.977869957705616,0.325446458166923,-0.581338643797655
"TES_EN_S_02",-5.95711393836597,10.2556427630938,1.51361276801908,4.53256683058684,0.0317278884473007,-1.30477296993327,0.432423595622828,0.479677338656258,0.169323932847459,-0.0544271226241018,0.1324518051946,0.558564301332435,0.345482336020039,0.339688766406167,-0.297711993197287,-0.367876706899987,0.0134175892700407,0.104597768282368,0.0279771080068745,0.390869775478722,-0.541020618216371,0.0654409372438909,-0.701688005808738,-1.08183163398853,1.03817171141219,1.86894318493048,0.774619218616805,2.25918987639263,0.684018802703981,-0.47236931858349
"TES_EN_S_04",-5.44869259985081,9.36128448954831,1.40002779565639,4.27487430860316,0.194874227317581,-0.853658725043201,0.386060700047929,0.422987150672241,0.295210344982644,-0.550137823188955,0.174897674715832,0.140752289482385,-0.261199197566678,0.509769022822982,-0.0787024250330527,-0.127701781957664,-0.319050317140559,0.167340856540183,0.356234903408306,0.482262543694831,-0.898983038833451,-0.0818983521815523,0.0970310876696612,-0.813875923708129,0.770347952263811,1.61324529629038,0.408140097110459,1.83043678707828,-0.392948669799323,0.120803412903177
"TES_EN_S_05",-6.02795581905159,9.7223034687883,1.360141358861,4.31100401244149,0.0754648506520291,-0.998981619177754,0.398740070791332,0.186430284711798,0.0936635992635007,0.226847784010397,-0.371470389487413,-0.0329683566243463,0.0613855280962049,-0.519093217464748,0.210757095907906,0.279765294516514,-0.0175304302855764,-0.0621712066719135,-0.484433715879242,-0.127126122868277,1.12804111150546,0.478860679588006,0.296447030862175,-0.106769015136735,-0.294625061399186,-0.857376395610135,0.0914315858778594,-0.735543102352781,0.194865581780888,-0.98332343419731
"TES_EN_S_07",-5.8049856506665,9.79809639153784,1.52115267133164,4.49818696372054,0.154636267262455,-0.80159981275707,0.304449331608116,0.0604417241634848,-0.175652492041576,-0.179768731189816,-0.181913658569116,0.592432999270072,0.820156455934886,-0.043711060705833,-0.555318137043791,-0.798770910270202,-0.499332997885958,0.0779113435330935,-0.0403274492761929,0.914009207289095,-0.653460860205622,-0.377910788463485,-0.46018785984108,-0.878512110168035,0.356159821897259,1.78687043919306,0.900221873776948,2.29595562498643,0.477422723670741,-0.126146586447156
"PAS_EN_X_04",-4.26541887085056,-3.83449454663705,-1.67433704387263,0.677586732566928,0.137249418269411,0.425799338778129,0.699974294712916,-0.556280718867492,0.136996053756093,-2.80513266617559,0.941601436917159,3.98212960542722,-0.239313552376354,-2.58946420362868,0.812573953503113,0.44758816172515,2.25199939427736,-3.23732695525433,1.25228422561249,-0.923320892070239,-1.8102091480665,-0.696319635152389,0.0935402186888658,1.85989752351526,2.46486082821133,0.212338238972681,2.78429792892351,-0.0403342656853279,-0.619726251493111,-0.302746208850015
"PAS_EN_X_07",-4.81683568341028,-4.24630785824978,-2.41615950499164,0.949832987716525,-0.0506694862805674,-0.0352274293840665,0.388124995645573,-0.707074614562486,0.52164581403512,-2.83773127846368,1.53941550362045,5.02802660669297,-0.308515958832175,-5.83430336563433,1.06027893155865,-0.461034635792257,0.951600516206314,-4.14111776975576,0.186943753711038,-1.33708858829078,-0.856532668414658,2.72114061971532,0.531434221947986,-1.14983812612079,-0.170990061191389,0.947917192386879,-1.9281230650181,-0.232328483064294,-0.210130496225907,-0.828196151446891
